{"type": "FeatureCollection", "features": [{"type": "Feature", "properties": {"name": "Aare", "typ": "haupt", "laenge_km": 5.76}, "geometry": {"type": "MultiLineString", "coordinates": [[[7.2860199, 46.9708186], [7.2861015, 46.9710689], [7.2860279, 46.9713961], [7.2858893, 46.9717205], [7.2856857, 46.9720213], [7.2854632, 46.9722593], [7.2850569, 46.9725755], [7.2838422, 46.9733645], [7.2833787, 46.9736125], [7.2826816, 46.9739231], [7.2820767, 46.974137], [7.2806759, 46.974505], [7.2801361, 46.9746108], [7.279543, 46.9746963], [7.2787474, 46.9747563], [7.2776267, 46.9747015], [7.2770301, 46.9746113], [7.2765353, 46.9745232], [7.2760322, 46.9743804], [7.2756368, 46.9742179], [7.2751238, 46.9739439], [7.2734478, 46.9729258], [7.2725246, 46.9722894], [7.2703331, 46.9709289], [7.2693516, 46.970485], [7.2688741, 46.9703037], [7.2684079, 46.9701826], [7.2679799, 46.9700981], [7.2674637, 46.9700476], [7.2668365, 46.9700467], [7.2660253, 46.970158], [7.2651603, 46.9703609], [7.26392, 46.9707203], [7.2635408, 46.9708873], [7.2631806, 46.9710935], [7.2628278, 46.9713836], [7.2609628, 46.9732682], [7.2605065, 46.9736157], [7.2600044, 46.9739186], [7.2590313, 46.9744093], [7.2587411, 46.9745861], [7.2585072, 46.9747798], [7.2581529, 46.975154], [7.2580066, 46.9754051], [7.2578986, 46.9756746], [7.2578204, 46.9761771], [7.2578501, 46.9764651], [7.2579523, 46.9767821], [7.2580892, 46.9770179], [7.2582835, 46.9772303], [7.2587146, 46.9775818], [7.2590887, 46.9778049], [7.2606356, 46.9784906], [7.261132, 46.9787401], [7.2613989, 46.9789866], [7.2619133, 46.9795869], [7.2622104, 46.9799958], [7.2624919, 46.9804517], [7.2626239, 46.981041], [7.2624766, 46.9816088], [7.262303, 46.9820431], [7.262076, 46.9824591], [7.2616459, 46.9829558], [7.2611816, 46.9833792], [7.2601537, 46.9841892], [7.2592065, 46.9848552], [7.2581797, 46.985329], [7.2552063, 46.9863737], [7.2534464, 46.9870634], [7.2530335, 46.9874995], [7.2517517, 46.9893109], [7.24901, 46.9923587]], [[7.2847021, 46.968958], [7.2847679, 46.9692705], [7.2858774, 46.9705241], [7.2860199, 46.9708186]], [[7.2863871, 46.9684702], [7.2865812, 46.9686605], [7.2867036, 46.9689248], [7.2868031, 46.969189], [7.2867793, 46.9694584], [7.2860199, 46.9708186]]]}}, {"type": "Feature", "properties": {"name": "Aare", "typ": "haupt", "laenge_km": 40.37}, "geometry": {"type": "MultiLineString", "coordinates": [[[7.4415434, 46.9802966], [7.4413732, 46.9800356], [7.4413539, 46.9796464], [7.4414431, 46.979297], [7.4416859, 46.9789306], [7.4421922, 46.9786573], [7.443145, 46.9782626], [7.4440861, 46.9780676], [7.4447625, 46.9781834], [7.4454053, 46.9784796], [7.4463937, 46.9790322], [7.4470921, 46.9792104], [7.4476322, 46.9791458], [7.44802, 46.9788747], [7.4483096, 46.9785673], [7.4488797, 46.9772531], [7.4489628, 46.9767914], [7.4488526, 46.9763611], [7.4485636, 46.9757865], [7.4482358, 46.9754875], [7.4478044, 46.9751796], [7.446934, 46.974814], [7.4462509, 46.9746788], [7.445976, 46.9746575], [7.4456206, 46.9746916], [7.4453369, 46.9748184], [7.4451897, 46.9750645], [7.4450184, 46.9755646], [7.4447855, 46.9759422], [7.44415, 46.9764762], [7.4434081, 46.9768906], [7.4429189, 46.9769765], [7.4421377, 46.976991], [7.4413356, 46.9768142], [7.4409977, 46.9765721], [7.4401667, 46.9757943], [7.4396897, 46.9748042], [7.4395539, 46.9742657], [7.4394545, 46.973063], [7.4393756, 46.9703156], [7.4391973, 46.9697996], [7.43887, 46.9692689], [7.4385084, 46.9688118], [7.4380982, 46.968549], [7.437309, 46.9682754], [7.4364147, 46.9682064], [7.435731, 46.9683051], [7.4353181, 46.968495], [7.434928, 46.968852], [7.4345569, 46.969548], [7.4342272, 46.970941], [7.4337445, 46.9716743], [7.4329244, 46.9724627], [7.4318334, 46.9731663], [7.4308737, 46.9734824], [7.4295921, 46.9737269], [7.4282908, 46.9737296], [7.4268649, 46.9734445], [7.4252098, 46.9729539], [7.4241112, 46.9725694], [7.4227789, 46.9719095], [7.4217659, 46.9715215], [7.42024, 46.9713242], [7.4183925, 46.9713007]], [[7.4446837, 46.9824231], [7.4440975, 46.9816696], [7.4433738, 46.9811964], [7.4425483, 46.9807242], [7.4415434, 46.9802966]], [[7.4446837, 46.9824231], [7.4440524, 46.9822392], [7.4421993, 46.9810726], [7.4417688, 46.9807186], [7.4415434, 46.9802966]], [[7.4451291, 46.9656576], [7.4459406, 46.9667119], [7.4464744, 46.9675925], [7.4479454, 46.9694508], [7.448457, 46.9699665], [7.4490843, 46.9703897], [7.450061, 46.970793], [7.4509734, 46.9710872], [7.451693, 46.9712523], [7.4524356, 46.9713532], [7.4532036, 46.9713154], [7.4539503, 46.9712068], [7.4549868, 46.9709868], [7.4561531, 46.9705876], [7.4577389, 46.9699903], [7.4586386, 46.9698275], [7.4593369, 46.9698164], [7.4599367, 46.969876], [7.460881, 46.9701554], [7.4614691, 46.9703672], [7.4622561, 46.9707718], [7.4630706, 46.9713499], [7.4635737, 46.9717591], [7.4641942, 46.9721322], [7.4649549, 46.9729539], [7.4665083, 46.974293], [7.4669633, 46.9747873], [7.4671579, 46.9751751], [7.467152, 46.9754521], [7.4669226, 46.975682], [7.4664043, 46.9759947], [7.4654162, 46.9761982], [7.4644714, 46.9762899], [7.4622797, 46.9763065], [7.4614606, 46.9763843], [7.4588469, 46.9767169], [7.457247, 46.976826], [7.4562254, 46.976975], [7.455683, 46.9771394], [7.4551437, 46.9774482], [7.4546431, 46.9778247], [7.4542938, 46.9785135], [7.4536445, 46.9811943], [7.4533651, 46.9820468], [7.4529896, 46.9830955], [7.4525952, 46.9839252], [7.4525113, 46.984449], [7.4525922, 46.9848421], [7.4526166, 46.9853673], [7.4526131, 46.9867298], [7.4526561, 46.9876733], [7.4526248, 46.9881884], [7.4524271, 46.988707], [7.4524009, 46.989123], [7.4522514, 46.9898217], [7.4521008, 46.9900395], [7.4517857, 46.9901625], [7.451442, 46.9902314], [7.4509708, 46.9902021], [7.4505905, 46.9901337], [7.4501773, 46.9900087], [7.4485708, 46.9893882], [7.4482715, 46.9891962], [7.4479388, 46.9888122], [7.4476603, 46.9881983], [7.4473727, 46.9873995], [7.4473688, 46.9871008], [7.44765, 46.9862666], [7.4476903, 46.9857233], [7.447517, 46.985382], [7.446947, 46.9845857], [7.4461177, 46.9836871], [7.4454976, 46.9830611], [7.4446837, 46.9824231]], [[7.4449445, 46.9654252], [7.4451291, 46.9656576]], [[7.4449445, 46.9654252], [7.4446474, 46.9655751], [7.4446523, 46.9656028], [7.4447765, 46.9657143], [7.4451291, 46.9656576]], [[7.4576893, 46.9464937], [7.4580055, 46.9466689], [7.4584195, 46.9470929], [7.4585295, 46.9473304], [7.4585889, 46.9476483], [7.4584856, 46.9486232], [7.4584934, 46.9490948], [7.4584078, 46.9494516], [7.4582455, 46.9497231], [7.4578289, 46.9500341], [7.4571975, 46.9501955], [7.4560294, 46.9502574], [7.4550164, 46.9502019], [7.4524805, 46.9498617], [7.4508309, 46.9497764], [7.4498752, 46.9498613], [7.4492567, 46.949952], [7.4464042, 46.9508543], [7.4456601, 46.9511753], [7.4443998, 46.9519886], [7.443336, 46.9527372], [7.4424673, 46.9534429], [7.4420735, 46.9538549], [7.4415937, 46.954477], [7.441333, 46.9548667], [7.4410245, 46.955813], [7.4410386, 46.9563077], [7.4411256, 46.9566562], [7.4431821, 46.9626331], [7.4438157, 46.9640247], [7.4449445, 46.9654252]], [[7.4524142, 46.9458832], [7.4528095, 46.9459119], [7.4539881, 46.9460965], [7.4557527, 46.9464565], [7.4561762, 46.9464393], [7.4565255, 46.9465178], [7.456798, 46.9464324], [7.4570952, 46.9464079], [7.4576893, 46.9464937]], [[7.5145313, 46.908549], [7.5133226, 46.9090758], [7.5117736, 46.9099415], [7.5097629, 46.9109033], [7.5090706, 46.9112789], [7.5083832, 46.9117294], [7.5067772, 46.9129681], [7.5048709, 46.9145894], [7.5033748, 46.9163467], [7.5024733, 46.9175294], [7.5018447, 46.918178], [7.501378, 46.9185435], [7.501078, 46.918724], [7.5004114, 46.9190591], [7.4987734, 46.91975], [7.4975256, 46.9203216], [7.4914367, 46.9227498], [7.4897378, 46.9234675], [7.4882317, 46.9241541], [7.487831, 46.9244141], [7.4875023, 46.9246775], [7.4871031, 46.924878], [7.4866694, 46.9250086], [7.4861371, 46.9250517], [7.4846806, 46.9254685], [7.4837227, 46.9256758], [7.4829552, 46.9257169], [7.4818443, 46.9256513], [7.4807845, 46.9254445], [7.4801072, 46.9251829], [7.4793173, 46.9247994], [7.4784243, 46.9242566], [7.4777756, 46.9239252], [7.4763538, 46.9233102], [7.4758768, 46.9231725], [7.4753981, 46.9230967], [7.4744636, 46.9230817], [7.4738687, 46.9231699], [7.4732263, 46.9233691], [7.4728298, 46.9235986], [7.4710248, 46.9252924], [7.4704401, 46.9257682], [7.4691308, 46.9267396], [7.4685623, 46.927126], [7.4641215, 46.9298555], [7.4629058, 46.9307441], [7.4623834, 46.931169], [7.4620619, 46.9314924], [7.4615123, 46.9323755], [7.4610525, 46.9332764], [7.4605846, 46.9339558], [7.4601994, 46.9342947], [7.4593803, 46.9346621], [7.4590242, 46.9347561], [7.4582155, 46.9349066], [7.4576225, 46.9348795], [7.4568768, 46.9347614], [7.4562171, 46.9345551], [7.455515, 46.9342355], [7.4543252, 46.9336147], [7.4533818, 46.9332214], [7.4527019, 46.9329934], [7.4522572, 46.9329051], [7.4518184, 46.9328619], [7.4513079, 46.932845], [7.4507171, 46.9328693], [7.448381, 46.9332648], [7.4474145, 46.9335083], [7.4466219, 46.9338615], [7.4462101, 46.9341099], [7.445596, 46.934601], [7.4451643, 46.9350362], [7.4449525, 46.9353229], [7.4448223, 46.9355449], [7.4444823, 46.9364285], [7.4443677, 46.9372338], [7.4444176, 46.9381371], [7.4449397, 46.9402437], [7.4454058, 46.9423715], [7.445723, 46.9442806], [7.4459084, 46.9447017], [7.4461255, 46.9449645], [7.4465758, 46.9453022], [7.447041, 46.9455196], [7.4473716, 46.9456244], [7.4479498, 46.9457197], [7.4486348, 46.9457625], [7.4524142, 46.9458832]], [[7.4524142, 46.9458832], [7.4524523, 46.945651], [7.4526147, 46.9453188], [7.4527688, 46.9451071], [7.4530275, 46.9449756], [7.4533743, 46.9449339], [7.4539871, 46.9449348], [7.4542984, 46.9449905], [7.4546186, 46.9450871], [7.4553289, 46.9455187], [7.456164, 46.9458755], [7.4572677, 46.9462601], [7.4575395, 46.9463872], [7.4576893, 46.9464937]], [[7.5161127, 46.9091337], [7.5155059, 46.9090376], [7.5153976, 46.908998], [7.5150262, 46.9087935], [7.5147273, 46.9087027], [7.5145313, 46.908549]], [[7.5160441, 46.9077937], [7.5145313, 46.908549]], [[7.5160441, 46.9077937], [7.5161963, 46.9080749], [7.5162569, 46.9083308], [7.5161127, 46.9091337]], [[7.5215733, 46.9049434], [7.51755, 46.9069817], [7.5160441, 46.9077937]], [[7.5215733, 46.9049434], [7.5214605, 46.9053046], [7.521475, 46.9054873], [7.5212064, 46.9059411], [7.5208539, 46.9061122], [7.5206206, 46.906259], [7.520402, 46.9064498], [7.5201157, 46.9066015], [7.5195026, 46.9073483], [7.5193321, 46.9074673], [7.5191683, 46.9075313], [7.5184828, 46.9080609], [7.5181718, 46.9081996], [7.5179104, 46.9082688], [7.5175645, 46.9084913], [7.5173059, 46.9088173], [7.5171685, 46.9089245], [7.5166065, 46.9091035], [7.516408, 46.9091254], [7.516226, 46.9091363], [7.5161127, 46.9091337]], [[7.592924, 46.7909931], [7.5920134, 46.7920871], [7.5909985, 46.7930453], [7.5898135, 46.7939162], [7.5892808, 46.7942642], [7.58857, 46.7946638], [7.5875413, 46.7951481], [7.5859461, 46.7958413], [7.5831323, 46.796987], [7.582483, 46.797211], [7.5800078, 46.797731], [7.5734497, 46.7989511], [7.5726333, 46.7991467], [7.5714806, 46.7996094], [7.5710036, 46.7998738], [7.5704672, 46.800331], [7.5698863, 46.8009451], [7.5694607, 46.8015402], [7.5693271, 46.8019962], [7.5691647, 46.8028385], [7.5690322, 46.8038778], [7.5690395, 46.8053309], [7.5690863, 46.8060387], [7.5690526, 46.8065747], [7.56871, 46.8077019], [7.5683935, 46.8083616], [7.5683675, 46.8087912], [7.5685446, 46.8092448], [7.5690729, 46.8102861], [7.5694892, 46.8112332], [7.5702532, 46.813481], [7.5707861, 46.8155747], [7.5715811, 46.8172703], [7.571861, 46.8181438], [7.5719864, 46.8187023], [7.5720082, 46.8192522], [7.5719285, 46.8197663], [7.5717186, 46.8205334], [7.5714884, 46.8211832], [7.5712231, 46.8216854], [7.5673635, 46.8256131], [7.5667684, 46.8261344], [7.5649911, 46.8286215], [7.5636577, 46.8303607], [7.562577, 46.832051], [7.5615321, 46.8339711], [7.5607174, 46.8352036], [7.5593622, 46.8379507], [7.5587867, 46.8388483], [7.5584116, 46.8395921], [7.5577323, 46.8419408], [7.5574452, 46.8433154], [7.5570431, 46.8443708], [7.5568538, 46.8450334], [7.5566736, 46.8463976], [7.5561616, 46.8478616], [7.5561003, 46.8495005], [7.5555513, 46.8515169], [7.5551359, 46.8535254], [7.554912, 46.8541068], [7.5542313, 46.8552463], [7.5528382, 46.8569861], [7.5518069, 46.8584139], [7.5513769, 46.8590557], [7.550552, 46.8606378], [7.5494864, 46.8621442], [7.5484629, 46.8637553], [7.5475684, 46.8650023], [7.5472295, 46.8653664], [7.5466435, 46.8663069], [7.5464125, 46.8668313], [7.5451863, 46.8687143], [7.5445052, 46.869838], [7.543733, 46.8712577], [7.5430934, 46.8721562], [7.5424234, 46.8731936], [7.5414039, 46.8750768], [7.5408677, 46.8762135], [7.5407007, 46.8767111], [7.5402271, 46.8786515], [7.5398791, 46.8804346], [7.5397007, 46.8809767], [7.5394469, 46.8820451], [7.5390878, 46.8840115], [7.5390778, 46.8848048], [7.5391324, 46.8854304], [7.5390681, 46.8857682], [7.5384436, 46.8867269], [7.5381312, 46.8871042], [7.5376788, 46.8882146], [7.5375542, 46.8889897], [7.5373755, 46.8893851], [7.5368271, 46.8902181], [7.5360775, 46.8917712], [7.5357804, 46.8921904], [7.5354831, 46.8925153], [7.534141, 46.8937835], [7.5313384, 46.8963514], [7.5292122, 46.8983759], [7.5259276, 46.9012859], [7.5233627, 46.903717], [7.5229616, 46.9040675], [7.5222542, 46.9045734], [7.5215733, 46.9049434]]]}}, {"type": "Feature", "properties": {"name": "Arnibach", "typ": "neben", "laenge_km": 5.9}, "geometry": {"type": "MultiLineString", "coordinates": [[[7.6848277, 46.9392665], [7.6838198, 46.9390687], [7.6834857, 46.939039], [7.6831684, 46.9389612], [7.683059, 46.9389728], [7.6828697, 46.9390818], [7.6825499, 46.9390506], [7.6818925, 46.9388133], [7.6808405, 46.9382785], [7.6803602, 46.9378192], [7.679336, 46.9370721], [7.6785752, 46.9363452], [7.6773326, 46.935722], [7.6762153, 46.9350683], [7.675059, 46.9342086], [7.6738131, 46.9344822], [7.6734576, 46.9344042], [7.6730248, 46.9342629], [7.6725258, 46.9336448], [7.6723854, 46.9335354], [7.6722665, 46.9334773], [7.6719017, 46.9333923], [7.6714138, 46.9334277], [7.6707539, 46.93367], [7.6701766, 46.9336902], [7.6699538, 46.933639], [7.6697232, 46.9336572], [7.6680761, 46.9340513], [7.6677758, 46.9341933], [7.6676578, 46.934282], [7.6670546, 46.9351004], [7.6669277, 46.9351813], [7.6667419, 46.9351962], [7.6665546, 46.9350953], [7.6660147, 46.9346475], [7.6656524, 46.9344619], [7.660639, 46.9332412], [7.659117, 46.9329635], [7.654264, 46.9322098], [7.6536997, 46.9321761], [7.6530473, 46.932234], [7.6526507, 46.9323616], [7.6524835, 46.9324649], [7.6519914, 46.9329199], [7.6518023, 46.9334672], [7.6515259, 46.9338961], [7.6512533, 46.933931]], [[7.6866359, 46.9377877], [7.6865781, 46.9379117], [7.6863804, 46.9381228], [7.6862633, 46.9381945], [7.68632, 46.938281], [7.6861731, 46.9383703], [7.6861603, 46.938466], [7.6862157, 46.9385706], [7.6861145, 46.9386265], [7.6861143, 46.9387332], [7.6860312, 46.9387909], [7.6858742, 46.938806], [7.685732, 46.9388782], [7.685656, 46.9389726], [7.6854723, 46.9390573], [7.6853977, 46.9391488], [7.6852181, 46.9392663], [7.6848277, 46.9392665]], [[7.6880146, 46.939713], [7.6879007, 46.9397361], [7.6873307, 46.939723], [7.6872068, 46.9396767], [7.6870624, 46.9397227], [7.6869186, 46.9397152], [7.6861785, 46.9395693], [7.6854048, 46.9394575], [7.685216, 46.9393917], [7.6849268, 46.9393529], [7.6848277, 46.9392665]], [[7.6862949, 46.9375658], [7.6865571, 46.9376926], [7.6866359, 46.9377877]], [[7.6867625, 46.9375955], [7.6866359, 46.9377877]], [[7.6866878, 46.9373322], [7.6866965, 46.9374731], [7.6867625, 46.9375955]], [[7.6873028, 46.9370107], [7.6873241, 46.9371197], [7.6870829, 46.937447], [7.6869634, 46.9375377], [7.6867625, 46.9375955]], [[7.6935104, 46.9335042], [7.693077, 46.9336955], [7.692826, 46.9338863], [7.6925178, 46.9344774], [7.6925258, 46.934694], [7.6924403, 46.9349893], [7.6924523, 46.9353129], [7.6923698, 46.9354987], [7.692111, 46.9358977], [7.6918454, 46.9361611], [7.6916834, 46.9362899], [7.6911696, 46.9365324], [7.6911181, 46.9366696], [7.691006, 46.9367641], [7.6908498, 46.9372485], [7.6905954, 46.9374775], [7.6906062, 46.9375567], [7.690537, 46.9376883], [7.6904424, 46.9377606], [7.6904272, 46.9378415], [7.6903099, 46.9378742], [7.6903357, 46.9380512], [7.6902985, 46.9381205], [7.6899972, 46.9383346], [7.6898556, 46.9383721], [7.6898164, 46.9384436], [7.6895557, 46.9386498], [7.6895351, 46.9387119], [7.6895837, 46.9388539], [7.6893952, 46.9391078], [7.6891952, 46.9391411], [7.6887117, 46.9394884], [7.6886043, 46.9394889], [7.6885483, 46.9395418], [7.6882388, 46.9395739], [7.6882036, 46.939629], [7.6880146, 46.939713]], [[7.6964653, 46.9397012], [7.6963391, 46.9397529], [7.696245, 46.9398378], [7.6952978, 46.9401212], [7.6949212, 46.9401806], [7.6943486, 46.9402067], [7.6936955, 46.9402975], [7.6934262, 46.9403087], [7.6931577, 46.9402277], [7.6926882, 46.9402491], [7.6925205, 46.9401739], [7.6917251, 46.9401941], [7.6915449, 46.9401202], [7.6913416, 46.9401243], [7.6888803, 46.9398464], [7.6884308, 46.9398456], [7.6883035, 46.9398037], [7.6882158, 46.9397042], [7.6880146, 46.939713]], [[7.6962895, 46.9365771], [7.6964575, 46.9368803], [7.6969326, 46.9373045], [7.696989, 46.93747], [7.6971486, 46.9376943], [7.6971938, 46.9378504], [7.6971344, 46.9382237], [7.6969407, 46.9383993], [7.6968886, 46.9384924], [7.6969862, 46.9388349], [7.6968983, 46.9394306], [7.6967204, 46.9396374], [7.6964653, 46.9397012]], [[7.6975806, 46.9406777], [7.6974729, 46.9402956], [7.6973809, 46.9401277], [7.6967612, 46.9397837], [7.6964653, 46.9397012]]]}}, {"type": "Feature", "properties": {"name": "Bibere", "typ": "haupt", "laenge_km": 14.87}, "geometry": {"type": "MultiLineString", "coordinates": [[[7.1746871, 46.8990622], [7.1761499, 46.8990734], [7.178306, 46.8978463], [7.1785874, 46.8977375], [7.1787616, 46.8977194], [7.1790292, 46.8977171], [7.1794209, 46.8977827], [7.1808271, 46.898429], [7.181799, 46.8989157], [7.1819629, 46.8990125], [7.182834, 46.8999197], [7.1835645, 46.900306], [7.1837741, 46.9003701], [7.1841278, 46.9006098], [7.1849479, 46.9019572], [7.1850802, 46.902345], [7.1856215, 46.9028797], [7.1857294, 46.9029474], [7.1860006, 46.9030123], [7.1866424, 46.9029527], [7.1869633, 46.9029589], [7.1871922, 46.9030365], [7.1878967, 46.9034122], [7.1887141, 46.9037167], [7.1892468, 46.9038778], [7.1904477, 46.9041504], [7.1906096, 46.9043403], [7.1906208, 46.9045497], [7.1906959, 46.9047327], [7.1916513, 46.9057321], [7.1921027, 46.9060421], [7.1935397, 46.9068463], [7.1939273, 46.9070278], [7.1944627, 46.9071953], [7.195759, 46.9073373], [7.1963362, 46.9074668], [7.1977642, 46.9079928], [7.1981428, 46.908169], [7.1986364, 46.9084852], [7.1989144, 46.9087332], [7.1993563, 46.9092497], [7.1994462, 46.9094928], [7.1994982, 46.9098832], [7.1997167, 46.9101606], [7.2052714, 46.9143664], [7.2057694, 46.9148301], [7.2069334, 46.9162002], [7.2070177, 46.9164691], [7.2069761, 46.9167261], [7.2068629, 46.9168537], [7.2067742, 46.9171364], [7.2067237, 46.9176176], [7.2068142, 46.9179206], [7.2068022, 46.9180206], [7.2066456, 46.9180923], [7.2065027, 46.918245], [7.2064679, 46.9183464], [7.2064981, 46.918531], [7.2063649, 46.9187542], [7.2063956, 46.9188373], [7.2063619, 46.9189637], [7.2061654, 46.9190332], [7.2060832, 46.9191727], [7.2061124, 46.9193602], [7.2062836, 46.9193576], [7.2064474, 46.9194315], [7.2065049, 46.9195543], [7.2060771, 46.9198086], [7.2056676, 46.9198813], [7.2055993, 46.9199238], [7.2055562, 46.9200995], [7.2055838, 46.9203517], [7.2057665, 46.9206299], [7.2058971, 46.9207214], [7.2058994, 46.9208228], [7.2056844, 46.9210466], [7.2056375, 46.9211965], [7.2055473, 46.9212301], [7.2054056, 46.9212343], [7.2053146, 46.9212885], [7.2052508, 46.921568], [7.205269, 46.9216809], [7.2052042, 46.9217393], [7.2051556, 46.9218877], [7.2051117, 46.921909], [7.2049745, 46.9218375], [7.2046694, 46.9221073], [7.2047012, 46.9221847], [7.2049987, 46.9223996], [7.2050773, 46.922601], [7.2052146, 46.9227212], [7.2052215, 46.9227662], [7.2051629, 46.9228377], [7.2048673, 46.9228821], [7.2047826, 46.9229868], [7.2050466, 46.9234336], [7.2049605, 46.9237906], [7.2050296, 46.923825], [7.2051935, 46.9238317], [7.2052409, 46.9239423], [7.2051365, 46.9241615], [7.2051419, 46.9243586], [7.2050022, 46.9248409], [7.204954, 46.9248965], [7.2047849, 46.9249476], [7.2047011, 46.925046], [7.2047174, 46.9251445], [7.2050647, 46.9253152], [7.2050975, 46.9254495], [7.2050554, 46.9255493], [7.2049528, 46.9256505], [7.2047502, 46.9257372], [7.2047098, 46.9259313], [7.2048676, 46.9260702], [7.2048985, 46.9261416], [7.2048153, 46.9265899], [7.2048922, 46.9266414], [7.2050381, 46.9266403], [7.2051359, 46.926679], [7.2051248, 46.9268318], [7.2050219, 46.9270001], [7.2051567, 46.9271632], [7.205175, 46.9272675], [7.2050495, 46.92738], [7.2051253, 46.9275315], [7.2051475, 46.9277996], [7.205312, 46.9278943], [7.2053363, 46.9280616], [7.205301, 46.9281324], [7.205099, 46.9282103], [7.2050209, 46.9282895], [7.2049154, 46.928485], [7.2049377, 46.928625], [7.2048247, 46.9287361], [7.2050323, 46.9289165], [7.2049252, 46.9291034], [7.2048994, 46.9292875], [7.2049386, 46.9293718], [7.2049417, 46.9296275], [7.2049079, 46.9297245], [7.2047151, 46.9299483], [7.2043958, 46.9300405], [7.2042703, 46.9301444], [7.2040532, 46.9302068], [7.203943, 46.9304697], [7.2035854, 46.930726], [7.2033821, 46.930974], [7.2033166, 46.9311924], [7.2034643, 46.9312627], [7.2037322, 46.9314931], [7.2036893, 46.9317515], [7.2036015, 46.9318056], [7.2035406, 46.9319168], [7.2034616, 46.9319582], [7.2034023, 46.9321053], [7.2034226, 46.9322106], [7.2035643, 46.9322807], [7.2036228, 46.9323768], [7.2036362, 46.9324844], [7.2035939, 46.9326022], [7.203227, 46.9328933], [7.2028517, 46.932964], [7.2026929, 46.93308], [7.2024681, 46.9335511], [7.2022021, 46.9338319], [7.2018445, 46.9340839], [7.201815, 46.9341738], [7.2018415, 46.9343095], [7.2017828, 46.9343851], [7.2013698, 46.9344285], [7.2013547, 46.9345441], [7.2012437, 46.9346638], [7.2009365, 46.9348217], [7.1999671, 46.9348311], [7.1996074, 46.9350617], [7.1996301, 46.935116], [7.1998861, 46.9352165], [7.199998, 46.9353709], [7.199818, 46.9355305], [7.1994878, 46.9357169], [7.1993264, 46.9359093], [7.1993086, 46.9361578], [7.199366, 46.9363821], [7.1993537, 46.936799], [7.1994135, 46.9369491], [7.1994117, 46.9373518], [7.1993401, 46.9375116], [7.1990744, 46.9377009], [7.1987134, 46.9377816], [7.1987358, 46.9378987], [7.198856, 46.938066], [7.1988754, 46.9383931], [7.1989765, 46.9386289], [7.199226, 46.9389102], [7.1994916, 46.9390939], [7.1996148, 46.9389812], [7.1997871, 46.9389101], [7.200324, 46.9388922], [7.2005358, 46.9389343], [7.2007741, 46.9390596]], [[7.192946, 46.9674661], [7.1927472, 46.9675334], [7.1922744, 46.9675261], [7.1912436, 46.9674531], [7.1908356, 46.9673599], [7.1905677, 46.9673421], [7.1899475, 46.9674104], [7.1894116, 46.9673756], [7.1891112, 46.9673972], [7.1883333, 46.9673183], [7.1879981, 46.9671842], [7.1877303, 46.9669465], [7.1875148, 46.9668078], [7.1873378, 46.9667622], [7.1872095, 46.9666682], [7.1867344, 46.9664938], [7.1864759, 46.9663561], [7.1862879, 46.9663027], [7.1860137, 46.966131], [7.185734, 46.9660811], [7.1854652, 46.9659572], [7.1852863, 46.9659382], [7.1849021, 46.9659619], [7.1845992, 46.9660239], [7.1843252, 46.9662154], [7.1838227, 46.966293], [7.1834483, 46.9666111], [7.1832893, 46.9669563], [7.1831372, 46.9670198], [7.1829427, 46.9670224]], [[7.193909, 46.9641576], [7.1940707, 46.9645077], [7.1940704, 46.9647685], [7.1941996, 46.9652208], [7.1941531, 46.9656221], [7.1938158, 46.9665161], [7.1934602, 46.9671342], [7.1931141, 46.9673111], [7.192946, 46.9674661]], [[7.194159, 46.9642893], [7.1941983, 46.9644135], [7.1946423, 46.9646298], [7.1947063, 46.9647292], [7.1946922, 46.9648377], [7.1947295, 46.9649155], [7.1949281, 46.9650439], [7.1948138, 46.9651116], [7.1947049, 46.9652473], [7.1946594, 46.9658156], [7.1949551, 46.9660035], [7.1950793, 46.9662912], [7.1952084, 46.9664191], [7.1952366, 46.9665049], [7.1947384, 46.9667367], [7.194597, 46.966901], [7.194501, 46.9672752], [7.1944115, 46.9673803], [7.1942451, 46.9674161], [7.1937676, 46.9673339], [7.1932956, 46.9673685], [7.192946, 46.9674661]], [[7.1937795, 46.9621768], [7.1937811, 46.9622922], [7.1938254, 46.9623483], [7.193937, 46.962378]], [[7.1988163, 46.9596736], [7.1984487, 46.9597998], [7.1979952, 46.9602405], [7.1978199, 46.9603319], [7.1959982, 46.9606316], [7.1943315, 46.9610873], [7.1940905, 46.9611769], [7.1938903, 46.9614571], [7.193793, 46.9618224], [7.1937795, 46.9621768]], [[7.1988163, 46.9596736], [7.1985599, 46.9600909], [7.1982696, 46.9602362], [7.1979705, 46.960487], [7.1977159, 46.9605899], [7.1947812, 46.9612627], [7.1943632, 46.9615497], [7.1937795, 46.9621768]], [[7.193937, 46.962378], [7.1939277, 46.9629943], [7.1938333, 46.9634977], [7.1938611, 46.9636988], [7.1938285, 46.9639285], [7.193909, 46.9641576]], [[7.193909, 46.9641576], [7.1939942, 46.9641575], [7.1941367, 46.9642041], [7.194159, 46.9642893]], [[7.193937, 46.962378], [7.1941319, 46.962445], [7.1941627, 46.9625662], [7.1941045, 46.9626944], [7.1941275, 46.9627974], [7.194282, 46.9629677], [7.1942953, 46.9630845], [7.1942371, 46.9632384], [7.1941996, 46.9635647], [7.19427, 46.9636701], [7.1943775, 46.9637444], [7.1943653, 46.9638218], [7.1942403, 46.9640073], [7.1942561, 46.9641108], [7.1943485, 46.9641353], [7.1943363, 46.9641836], [7.1942096, 46.9642311], [7.194159, 46.9642893]], [[7.2075985, 46.9397883], [7.20783, 46.939839], [7.2083873, 46.9401226], [7.2086714, 46.9403159], [7.2089725, 46.9406033], [7.2091918, 46.9409239], [7.2095877, 46.9418209], [7.2096979, 46.9423823], [7.2098421, 46.9427739], [7.2099066, 46.9428268], [7.2101067, 46.9428401], [7.2102357, 46.942906], [7.2102896, 46.9429604], [7.2103286, 46.9431247], [7.2103108, 46.9433874], [7.2101173, 46.943764], [7.2102313, 46.9439199], [7.2102244, 46.9440827], [7.21008, 46.9442095], [7.209725, 46.9443159], [7.2096267, 46.9443856], [7.2095711, 46.9447197], [7.2096103, 46.9448283], [7.2098352, 46.944883], [7.2100701, 46.9450577], [7.2100635, 46.9451405], [7.2098194, 46.9451571], [7.2097839, 46.9451813], [7.2097941, 46.9452328], [7.210053, 46.9454316], [7.2103135, 46.9455469], [7.2104796, 46.9457103], [7.2104707, 46.9457793], [7.2101866, 46.945975], [7.2101392, 46.9460737], [7.2101418, 46.9462855], [7.2100817, 46.9465365], [7.2102581, 46.9467189], [7.2103131, 46.946869], [7.2099901, 46.9472122], [7.2099568, 46.9472883], [7.2099702, 46.9474002], [7.2101167, 46.9476778], [7.210109, 46.9478634], [7.2095933, 46.9481872], [7.2095512, 46.9482586], [7.2095329, 46.9484751], [7.2093935, 46.9485831], [7.2091085, 46.9485873], [7.2087407, 46.9484414], [7.2085583, 46.9484339], [7.2084104, 46.9484752], [7.2082814, 46.9485571], [7.2080718, 46.9488137], [7.2078453, 46.9489806], [7.2078161, 46.9491936], [7.207878, 46.9493309], [7.2081106, 46.9495512], [7.2082101, 46.9497028], [7.2081576, 46.9502611], [7.2080265, 46.9506974], [7.2080516, 46.9508231], [7.2082876, 46.9510958], [7.2082538, 46.9513497], [7.2084256, 46.9516506], [7.2086015, 46.9518006], [7.2087371, 46.9522046], [7.2087787, 46.9524461], [7.208668, 46.9526084], [7.208548, 46.9526968], [7.2083517, 46.9527335], [7.2083201, 46.9528351], [7.208554, 46.9530117], [7.2086298, 46.9531501], [7.2086078, 46.9532009], [7.2087982, 46.9534067], [7.2088838, 46.9535652], [7.2089357, 46.9537845], [7.2089213, 46.9540088], [7.2088516, 46.9541765], [7.2088818, 46.9543006], [7.2089607, 46.9543996], [7.2091234, 46.9544688], [7.2095983, 46.9545623], [7.2098702, 46.954862], [7.2100304, 46.9549816], [7.2103065, 46.9554011], [7.2107953, 46.955601], [7.2108866, 46.955939], [7.2108474, 46.9561115], [7.210905, 46.9562642], [7.2110558, 46.9564789], [7.210973, 46.9566392], [7.2107402, 46.9568791], [7.2106298, 46.9568985], [7.2102292, 46.9568735], [7.2099421, 46.9569488], [7.2096569, 46.9570503], [7.2095181, 46.9571535], [7.209388, 46.9573829], [7.2089827, 46.9575451], [7.2088581, 46.957635], [7.2085754, 46.9576556], [7.2084006, 46.9577017], [7.2083442, 46.9577807], [7.2083906, 46.9581044], [7.2080126, 46.9587329], [7.2081405, 46.9591788], [7.2081098, 46.9593553], [7.207954, 46.9594654], [7.2076195, 46.9595709], [7.2074592, 46.9596973], [7.2072922, 46.9597168], [7.206952, 46.9596906], [7.2065935, 46.9598385], [7.206147, 46.9599052], [7.203698, 46.9597293], [7.2035211, 46.9597143], [7.2031014, 46.9595818], [7.2027672, 46.9595581], [7.2025717, 46.9596304], [7.2024429, 46.9596256], [7.2022763, 46.9595514], [7.2017393, 46.9595665], [7.2015721, 46.9595347], [7.2012811, 46.959401], [7.200582, 46.9593108], [7.2003013, 46.9592286], [7.2000693, 46.9591014], [7.199986, 46.9591222], [7.1996699, 46.9593381], [7.198913, 46.9595911], [7.1988163, 46.9596736]], [[7.2007741, 46.9390596], [7.2022096, 46.9391608]], [[7.2007741, 46.9390596], [7.2007618, 46.9390947], [7.2011065, 46.9393066], [7.2016025, 46.9393922], [7.2019238, 46.9393668]], [[7.2022096, 46.9391608], [7.2020129, 46.9392603], [7.2019238, 46.9393668]], [[7.2019238, 46.9393668], [7.2020386, 46.9393468], [7.2023564, 46.9393843], [7.2027699, 46.9393864], [7.2029451, 46.9394391], [7.2030279, 46.9395725], [7.2031495, 46.9395966], [7.2034576, 46.939606], [7.2038511, 46.9395672], [7.2042525, 46.9396116], [7.2048248, 46.9395609], [7.205341, 46.9395556], [7.2065315, 46.9396401], [7.2075985, 46.9397883]], [[7.2022096, 46.9391608], [7.2032596, 46.9392855], [7.2037452, 46.9392497], [7.2041513, 46.9391347], [7.2050418, 46.9390655], [7.2059273, 46.9391037], [7.2063131, 46.9391617], [7.2064071, 46.9392209], [7.2075251, 46.9395833], [7.2075985, 46.9397883]]]}}, {"type": "Feature", "properties": {"name": "Biberze", "typ": "neben", "laenge_km": 8.63}, "geometry": {"type": "LineString", "coordinates": [[7.4718654, 46.7583742], [7.4719335, 46.7584974], [7.4721991, 46.7587281], [7.4721833, 46.7587858], [7.4722809, 46.7588638], [7.4722696, 46.7589199], [7.472576, 46.7590664], [7.4726873, 46.7592114], [7.4727146, 46.7593221], [7.4728735, 46.7594109], [7.4729053, 46.7594718], [7.4728827, 46.7595388], [7.4729644, 46.7595871], [7.4730008, 46.7597197], [7.4733004, 46.7599098], [7.4734709, 46.7603262], [7.473573, 46.7603776], [7.4736071, 46.7604337], [7.4740406, 46.7605942], [7.4741927, 46.760722], [7.4746149, 46.7608841], [7.4746468, 46.7610556], [7.474808, 46.7611164], [7.4748648, 46.761263], [7.4749738, 46.7613503], [7.475051, 46.7615093], [7.4752599, 46.7616808], [7.4754029, 46.7617072], [7.4754687, 46.7617634], [7.4754984, 46.7619661], [7.4756187, 46.7620237], [7.4757504, 46.7621531], [7.4758707, 46.7621921], [7.4758593, 46.7624668], [7.4763815, 46.7624835], [7.4764769, 46.7626098], [7.4758538, 46.7631658], [7.4753818, 46.7633686], [7.4753398, 46.7634798], [7.4754352, 46.7635803], [7.4753089, 46.7637205], [7.4750873, 46.7637647], [7.4747395, 46.7641136], [7.4745887, 46.7641289], [7.4744469, 46.7642219], [7.4742342, 46.7642813], [7.4741966, 46.7645174], [7.4743653, 46.7648068], [7.4742966, 46.764854], [7.4742546, 46.7650049], [7.47433, 46.7651191], [7.4743435, 46.7653232], [7.4739912, 46.7656432], [7.4737585, 46.7657255], [7.4737275, 46.7658519], [7.4738052, 46.7659585], [7.4737321, 46.766085], [7.4737455, 46.766216], [7.4737123, 46.7662693], [7.4736658, 46.7662983], [7.4734862, 46.766277], [7.4734419, 46.7663105], [7.4734441, 46.7663699], [7.4736859, 46.7666364], [7.473799, 46.7666516], [7.4739542, 46.7667201], [7.4739545, 46.767206], [7.4741409, 46.7675395], [7.4742254, 46.7679036], [7.474445, 46.7680315], [7.4746289, 46.7679994], [7.4747154, 46.7680116], [7.474844, 46.7680846], [7.4750615, 46.7684715], [7.4750528, 46.7686055], [7.4751304, 46.768735], [7.4751438, 46.7688583], [7.4750952, 46.7690472], [7.4748648, 46.7693382], [7.4747608, 46.7696064], [7.4748342, 46.7699704], [7.4749274, 46.7700922], [7.4749629, 46.7702186], [7.4750561, 46.7702872], [7.4750562, 46.7704151], [7.475258, 46.7705658], [7.4753357, 46.7706862], [7.475338, 46.7708431], [7.4752538, 46.7709604], [7.4754447, 46.7712924], [7.4754226, 46.7713228], [7.4750789, 46.7713397], [7.4750169, 46.7713671], [7.4747954, 46.7716338], [7.4744673, 46.7716643], [7.4743897, 46.771704], [7.4743521, 46.7717573], [7.4743788, 46.7719005], [7.47433, 46.7719508], [7.4738977, 46.7720438], [7.4737448, 46.7721078], [7.4736874, 46.7723759], [7.4737406, 46.7724749], [7.4737407, 46.7726318], [7.4734127, 46.7728147], [7.4733396, 46.7729716], [7.473231, 46.7729975], [7.4730205, 46.7731255], [7.4729119, 46.7732337], [7.4728743, 46.7733343], [7.4725529, 46.7734943], [7.4725153, 46.7735613], [7.4725176, 46.7737715], [7.4724401, 46.773901], [7.4723915, 46.7741417], [7.4723494, 46.7741966], [7.4720812, 46.7743246], [7.4720103, 46.7744693], [7.4720725, 46.7746445], [7.4720017, 46.7748715], [7.471718, 46.7750711], [7.4715872, 46.7751001], [7.4713281, 46.7755647], [7.4711309, 46.7757186], [7.4707386, 46.7759289], [7.4707054, 46.7760752], [7.4705702, 46.7761986], [7.4702156, 46.7764226], [7.4699406, 46.7763907], [7.4694765, 46.7764294], [7.4693551, 46.7766142], [7.4692375, 46.7766775], [7.4687309, 46.7767774], [7.4685457, 46.7769034], [7.4684602, 46.7769269], [7.4679826, 46.7769598], [7.4672931, 46.7774513], [7.4672206, 46.7776295], [7.4670894, 46.7777837], [7.4670697, 46.7779964], [7.4669323, 46.778075], [7.4666948, 46.7781487], [7.4665428, 46.7783012], [7.4663234, 46.7784277], [7.466174, 46.7791098], [7.4658956, 46.7796688], [7.465989, 46.7798682], [7.4652284, 46.780152], [7.4647605, 46.780442], [7.4645289, 46.7806768], [7.4642731, 46.7807415], [7.4641537, 46.7808037], [7.46381, 46.780809], [7.4636133, 46.7808767], [7.4635165, 46.7808757], [7.4632042, 46.78079], [7.4630967, 46.7807971], [7.4629019, 46.7809744], [7.4628033, 46.7810055], [7.4626014, 46.7809752], [7.4625319, 46.7809994], [7.4623314, 46.7811528], [7.4619367, 46.7813686], [7.4615763, 46.7814818], [7.4611686, 46.7817046], [7.4609532, 46.7817562], [7.460792, 46.7819004], [7.4606874, 46.7819303], [7.4603645, 46.7818901], [7.4599319, 46.7819632], [7.4598809, 46.7820119], [7.4598075, 46.7822891], [7.459664, 46.7823842], [7.459391, 46.7824298], [7.4591796, 46.782405], [7.4587782, 46.7824863], [7.4585538, 46.7824795], [7.45832, 46.7824299], [7.4580771, 46.782505], [7.457808, 46.7825315], [7.4573257, 46.7827156], [7.4569571, 46.7831695], [7.4563489, 46.7829843], [7.4561767, 46.7828985], [7.4546654, 46.7817757], [7.4543398, 46.7815791], [7.4537569, 46.7813363], [7.4531714, 46.781159], [7.4526744, 46.7810719], [7.4520317, 46.7810258], [7.4507694, 46.7810564], [7.450393, 46.7810218], [7.4499508, 46.7810602], [7.4496301, 46.781054], [7.4488889, 46.7809676], [7.4484951, 46.7808752], [7.4435963, 46.7823208], [7.4424738, 46.7825524], [7.4417215, 46.7826444], [7.440864, 46.7826805], [7.4403848, 46.7826693], [7.434301, 46.7822348], [7.4328066, 46.7828945], [7.4318976, 46.7831666], [7.4314063, 46.783441], [7.431242, 46.7835011], [7.4310066, 46.783524], [7.4304964, 46.7834913], [7.4303601, 46.783473], [7.4300635, 46.7833468], [7.4299387, 46.7833489], [7.4298084, 46.7834382], [7.4297187, 46.7836854], [7.4296473, 46.7837373], [7.4290879, 46.783849], [7.4284326, 46.7843748], [7.428017, 46.7845436], [7.4276866, 46.7847579], [7.4272031, 46.7848936], [7.4268407, 46.7849303], [7.426776, 46.7849534], [7.4266323, 46.7851333], [7.4264467, 46.7852311], [7.4263204, 46.7852589], [7.4259173, 46.7852437], [7.4257183, 46.7853775], [7.4255492, 46.7854422], [7.425288, 46.7854685], [7.4246166, 46.7854494], [7.424223, 46.7853572], [7.4234496, 46.7850831], [7.423186, 46.7850519], [7.4229204, 46.7850762], [7.4227012, 46.7851641], [7.4224222, 46.7852147], [7.4220117, 46.7852112], [7.4215466, 46.785142], [7.4213761, 46.7851776], [7.421196, 46.7851621], [7.4209186, 46.7851903], [7.4206027, 46.785244], [7.4203945, 46.7852509], [7.4201869, 46.7852106], [7.4194365, 46.7853066], [7.4192777, 46.7853462], [7.4189514, 46.785521], [7.4183823, 46.7856601], [7.4179854, 46.7856386], [7.4177462, 46.7856582], [7.4175005, 46.7857269], [7.417273, 46.7858558], [7.4160755, 46.7861762], [7.4159178, 46.7862414], [7.415375, 46.7866041], [7.4152968, 46.7866382], [7.4149076, 46.7866945], [7.4147573, 46.7867548], [7.4144035, 46.7870101], [7.4139484, 46.7875011], [7.4136918, 46.7876151], [7.4130932, 46.7877571], [7.4125257, 46.7881019], [7.4122505, 46.7881804], [7.4113508, 46.7882618], [7.4110459, 46.7883746], [7.4107367, 46.789013], [7.4100239, 46.7897035], [7.4096598, 46.7901853], [7.40955, 46.7902592], [7.4090402, 46.7904716], [7.4084996, 46.7910084], [7.4081886, 46.7912066], [7.4078557, 46.7913473], [7.4076724, 46.7915055], [7.4075558, 46.7918887], [7.4075743, 46.7923525], [7.4075252, 46.7925281], [7.4072584, 46.7926287], [7.4066529, 46.7927307], [7.4064477, 46.7928286]]}}, {"type": "Feature", "properties": {"name": "Biglebach", "typ": "neben", "laenge_km": 13.25}, "geometry": {"type": "MultiLineString", "coordinates": [[[7.6179595, 46.9317973], [7.6178881, 46.9318058], [7.6175922, 46.9317329], [7.6170156, 46.9317405], [7.6167652, 46.9318325], [7.6161652, 46.9321318], [7.6155669, 46.9322211], [7.6147031, 46.9324483], [7.6141332, 46.9325659], [7.6136982, 46.9325993], [7.6134303, 46.9325839], [7.6131386, 46.9324807]], [[7.6131386, 46.9324807], [7.6127831, 46.9323198], [7.6125783, 46.9323289], [7.6115761, 46.9328767], [7.6112859, 46.933065], [7.6111326, 46.9332073], [7.610773, 46.9337751], [7.6105978, 46.9339405], [7.609328, 46.9348127], [7.6076774, 46.9385297], [7.6075761, 46.9388154], [7.6075934, 46.939001], [7.6076857, 46.939198], [7.6078168, 46.9393395], [7.6092944, 46.9400955], [7.611694, 46.9416013], [7.6158087, 46.9443286], [7.616007, 46.9444745], [7.6161424, 46.944653], [7.6176574, 46.9487724], [7.6185071, 46.9501625], [7.6187867, 46.9507011], [7.6190544, 46.9518918], [7.6196411, 46.9532427], [7.6196837, 46.9535032], [7.6196856, 46.9540878], [7.619309, 46.9546531], [7.619135, 46.9553317], [7.6192045, 46.9555086], [7.619571, 46.9559807], [7.6196582, 46.9561884], [7.6196198, 46.956467], [7.6194603, 46.9567155], [7.6194424, 46.9568076], [7.6195212, 46.957325], [7.6197101, 46.9579854], [7.6201323, 46.9587609], [7.6207307, 46.9594532], [7.620784, 46.9595741], [7.6212629, 46.9601721], [7.6213506, 46.9602034], [7.6215229, 46.9601574], [7.6216523, 46.9601801], [7.6218016, 46.9603378], [7.6220608, 46.9604993], [7.6221966, 46.9607856], [7.6224168, 46.9609381], [7.6225677, 46.961153], [7.6230374, 46.9614507], [7.6233565, 46.9620556], [7.623323, 46.9624203], [7.6231195, 46.9626976], [7.6229613, 46.9627959], [7.622403, 46.9629891], [7.6223365, 46.9630606], [7.62233, 46.9632701], [7.6224648, 46.963559], [7.6224887, 46.9639398], [7.6225517, 46.9640622], [7.623202, 46.9645639], [7.6236047, 46.9646525], [7.6239639, 46.9647813], [7.6242318, 46.9653642], [7.6246313, 46.9656813], [7.6249114, 46.9658529], [7.6252066, 46.9661609], [7.6253385, 46.9664363], [7.6253155, 46.966547], [7.6250828, 46.9668901], [7.625092, 46.9670317], [7.6251795, 46.9672053], [7.6252887, 46.9673574], [7.6256576, 46.967718], [7.626053, 46.9679322], [7.626195, 46.968048], [7.6263284, 46.9684], [7.6264585, 46.9685652], [7.626583, 46.9686346], [7.6267674, 46.9686837], [7.6270595, 46.9686927], [7.6273792, 46.9686571], [7.6275967, 46.96869], [7.6277058, 46.9688291], [7.6281215, 46.9691396], [7.6282524, 46.9692976], [7.6288919, 46.9697024], [7.6293417, 46.9698254], [7.6296659, 46.9698165], [7.6298156, 46.9698942], [7.6299403, 46.97001], [7.6300506, 46.9702157], [7.6302239, 46.9703106], [7.6303054, 46.9703954], [7.6304107, 46.9706559], [7.6309347, 46.9708787], [7.6311752, 46.9710366], [7.6312573, 46.9711364], [7.6312998, 46.9713577], [7.6311724, 46.971719], [7.6314079, 46.9721845], [7.6324404, 46.9730949], [7.6333405, 46.9739549], [7.6335207, 46.9740284], [7.6339032, 46.9740117], [7.6339995, 46.9740722], [7.6341174, 46.9743612], [7.6342703, 46.9745202], [7.634269, 46.9747522], [7.6343309, 46.9748513], [7.6349092, 46.9751545], [7.635333, 46.9752014], [7.6358588, 46.975622], [7.6363058, 46.9761064], [7.6366295, 46.9763975], [7.6366111, 46.9765266], [7.6364115, 46.9768411], [7.6364528, 46.9769199], [7.6370113, 46.9771444], [7.637657, 46.9775661], [7.637889, 46.9776091], [7.6382076, 46.9776186], [7.6384502, 46.9777046], [7.6391377, 46.9781258], [7.639262, 46.9782803], [7.6395057, 46.9784584], [7.6396567, 46.978658], [7.6399714, 46.9788424], [7.6404455, 46.9792464], [7.640451, 46.9793399], [7.6402863, 46.9796365], [7.6404635, 46.9798718], [7.6409805, 46.9803257], [7.6412303, 46.9804317], [7.6414652, 46.9804791], [7.6417507, 46.9806657], [7.6421779, 46.9810712], [7.6423184, 46.9810951], [7.6425124, 46.981059], [7.6430819, 46.9810323], [7.6432699, 46.9810877], [7.6434979, 46.98124], [7.6436714, 46.981314], [7.643969, 46.9813891], [7.6441524, 46.9813756], [7.6442867, 46.9814188], [7.644339, 46.9814644], [7.6443626, 46.9816414], [7.6451153, 46.9823141], [7.6454572, 46.9824948], [7.645746, 46.9827076], [7.6462281, 46.9829542], [7.6465705, 46.9832034], [7.6469042, 46.9835818], [7.64693, 46.9838778], [7.6470543, 46.9842355], [7.6478172, 46.9848466], [7.6481657, 46.9850288], [7.6483968, 46.9850674], [7.6487885, 46.9852808], [7.6499741, 46.9857366], [7.6500063, 46.9857756], [7.6508661, 46.9861414], [7.6512538, 46.9863392], [7.6518121, 46.9865369], [7.6526915, 46.9869564], [7.6531363, 46.9872283], [7.6542617, 46.9880272], [7.6544343, 46.988069], [7.6547249, 46.9880447], [7.6552533, 46.9881375], [7.6555458, 46.9882226], [7.6558061, 46.9883224], [7.6567104, 46.9888538], [7.6568064, 46.9889396], [7.6571246, 46.9896118], [7.6569883, 46.9901776], [7.657163, 46.9906131], [7.6571603, 46.9907365], [7.6570853, 46.9908607]], [[7.6179595, 46.9317973], [7.6179131, 46.9316831], [7.6177842, 46.9316423], [7.6175559, 46.9316014], [7.6171988, 46.9316082], [7.6170699, 46.9316286], [7.6165337, 46.9318597], [7.6159508, 46.9320592], [7.6153456, 46.9322275], [7.6151494, 46.9322505], [7.6145238, 46.9321145], [7.6143153, 46.9321349], [7.6141568, 46.9322029], [7.6139425, 46.9324254], [7.6138078, 46.9324672], [7.6131386, 46.9324807]], [[7.6406125, 46.929026], [7.6406233, 46.9289872], [7.6405512, 46.928894], [7.640521, 46.9285853], [7.640417, 46.9285309], [7.6403611, 46.928459], [7.6403583, 46.9283547], [7.6402658, 46.9281629], [7.6399898, 46.9280062], [7.6399126, 46.9277306], [7.6397806, 46.9275538], [7.6395508, 46.9274078], [7.639119, 46.9273329], [7.6388567, 46.9271427], [7.6383946, 46.92705], [7.6381067, 46.9269605], [7.6379671, 46.9269836], [7.6374544, 46.9272937], [7.6373419, 46.9273138], [7.6370603, 46.9272579], [7.6370046, 46.9271224], [7.6368078, 46.9268978], [7.6366189, 46.926922], [7.6365158, 46.9270374], [7.6362876, 46.9271401], [7.6354141, 46.9271235], [7.6350087, 46.9270219], [7.6346195, 46.9271939], [7.6341247, 46.9273504], [7.6338729, 46.9274746], [7.6334654, 46.9275814], [7.6331633, 46.9276181], [7.6326649, 46.9275882], [7.6321128, 46.9276644], [7.6316234, 46.9275436], [7.6305959, 46.9273976], [7.6302474, 46.9272848], [7.6300073, 46.927167], [7.6297572, 46.9272107], [7.6296215, 46.9271983], [7.629331, 46.9270066], [7.6290835, 46.9270359], [7.6288379, 46.927233], [7.6286511, 46.9272892], [7.6285971, 46.927274], [7.6285227, 46.9271162], [7.6284054, 46.9270848], [7.6281078, 46.9270907], [7.6277801, 46.9271743], [7.6276971, 46.9271537], [7.6275683, 46.9270538], [7.626778, 46.9270809], [7.626379, 46.9270194], [7.6258648, 46.9270401], [7.6256309, 46.9269433], [7.6254854, 46.926717], [7.625416, 46.9266663], [7.6251792, 46.9266536], [7.6243422, 46.9267521], [7.6240461, 46.9265502], [7.6238853, 46.9265748], [7.6238026, 46.9266258], [7.6235545, 46.9268878], [7.6233969, 46.9269677], [7.6230863, 46.9270302], [7.6220817, 46.9270643], [7.6217657, 46.9271898], [7.6214618, 46.9274274], [7.6213285, 46.9276046], [7.6212002, 46.9279362], [7.6208886, 46.9283977], [7.6202355, 46.9296127], [7.6200578, 46.9302396], [7.6198017, 46.9306463], [7.6193116, 46.9311334], [7.6190196, 46.9313317], [7.6186487, 46.931487], [7.6184569, 46.9316315], [7.6181094, 46.9317679], [7.6179595, 46.9317973]], [[7.6409705, 46.9300028], [7.6406816, 46.9296434], [7.6406842, 46.9295032], [7.6405894, 46.9292125], [7.6406125, 46.929026]], [[7.6409705, 46.9300028], [7.6400979, 46.9292794], [7.6406125, 46.929026]], [[7.6422588, 46.9306439], [7.6418551, 46.9304249], [7.6415507, 46.9303954], [7.6411687, 46.9302633], [7.6409705, 46.9300028]], [[7.6442543, 46.9312844], [7.6440349, 46.9310793], [7.6438837, 46.9310532], [7.6437831, 46.9309063], [7.6435767, 46.9308988], [7.6434028, 46.9309476], [7.6433114, 46.9310221], [7.6431634, 46.9310402], [7.642962, 46.9309606], [7.6428191, 46.930953], [7.6425447, 46.9308585], [7.6422588, 46.9306439]], [[7.6442543, 46.9312844], [7.6440373, 46.9312004], [7.6438195, 46.9310649], [7.6436885, 46.9310571], [7.6435458, 46.9310791], [7.6431072, 46.93128], [7.6429759, 46.931302], [7.6426264, 46.9312785], [7.6424949, 46.9312256], [7.6423867, 46.9311203], [7.6423106, 46.9309779], [7.6422588, 46.9306439]], [[7.6512533, 46.933931], [7.6501788, 46.9338098], [7.6494186, 46.9336332], [7.6492269, 46.9335461], [7.6490048, 46.9335358], [7.6486998, 46.9333678], [7.6479198, 46.9332864], [7.6475978, 46.9330392], [7.6472648, 46.9329099], [7.6472692, 46.9326986], [7.6472261, 46.9326108], [7.6470468, 46.9325904], [7.6467717, 46.9326166], [7.64655, 46.9324221], [7.646404, 46.9324238], [7.6462997, 46.932384], [7.6459203, 46.9323904], [7.6456803, 46.9322464], [7.645544, 46.9321133], [7.645439, 46.9319215], [7.6451373, 46.9318021], [7.6448143, 46.9318305], [7.6445282, 46.931691], [7.6444998, 46.9316233], [7.6445814, 46.9314418], [7.6445677, 46.9313847], [7.6445237, 46.9313455], [7.6442543, 46.9312844]]]}}, {"type": "Feature", "properties": {"name": "Burggrabe", "typ": "haupt", "laenge_km": 2.81}, "geometry": {"type": "MultiLineString", "coordinates": [[[7.3639303, 46.731915], [7.3639843, 46.7315074], [7.3640769, 46.7312446], [7.3640791, 46.7310082], [7.364032, 46.730939], [7.3639381, 46.7309216], [7.3638979, 46.7308761], [7.3639167, 46.730723], [7.3638239, 46.73054], [7.3638769, 46.7302148], [7.3641182, 46.729948], [7.364291, 46.7296625], [7.3643309, 46.7293655], [7.3647595, 46.7291053]], [[7.3657045, 46.7313704], [7.3658018, 46.7310359], [7.3657921, 46.730911], [7.3654427, 46.7306868], [7.3653993, 46.7305958], [7.3652194, 46.7304642], [7.3650985, 46.7298972], [7.364935, 46.7294363], [7.3649556, 46.7293737], [7.3648934, 46.7292241], [7.3649115, 46.7291774], [7.3647595, 46.7291053]], [[7.3647595, 46.7291053], [7.3652161, 46.7287933], [7.3652749, 46.7287005], [7.3655163, 46.728601], [7.3655408, 46.7285612], [7.3654588, 46.7282872], [7.3656493, 46.7277715], [7.3656187, 46.7274239], [7.3657118, 46.7273306], [7.3657148, 46.7272329], [7.365634, 46.72713], [7.3655968, 46.7269686], [7.3657178, 46.7265431], [7.3656233, 46.7262975], [7.3654492, 46.726246], [7.3653901, 46.7261568], [7.3654865, 46.7260156], [7.3657168, 46.7257964], [7.3657325, 46.725699], [7.3655636, 46.7255363], [7.3652835, 46.7254913], [7.3651027, 46.7252978], [7.364838, 46.7251501], [7.3648412, 46.7250935], [7.3653082, 46.724812], [7.3653388, 46.7246958], [7.3650758, 46.7242674], [7.364772, 46.7241204], [7.3643403, 46.7240619], [7.3643126, 46.7239907], [7.3643986, 46.7238803], [7.3643959, 46.7238175], [7.3641387, 46.7236326], [7.3641918, 46.7232747], [7.3641393, 46.7231566], [7.3640173, 46.7230289], [7.3639423, 46.7226708], [7.3634478, 46.7223709], [7.3634107, 46.7219273], [7.3632033, 46.7216017], [7.3632595, 46.721433], [7.3632327, 46.7213421], [7.3632773, 46.7212881], [7.3632513, 46.7211602], [7.3633736, 46.7210273], [7.3634114, 46.7209244], [7.3635883, 46.720837], [7.3636292, 46.7206796], [7.3637947, 46.7205049], [7.3636849, 46.7201939], [7.3636211, 46.7201258], [7.3636227, 46.7200087], [7.3635628, 46.7199328], [7.3635975, 46.7197858], [7.3634391, 46.7197539], [7.3633245, 46.7196757], [7.3632876, 46.719608], [7.3633562, 46.7194659], [7.363587, 46.7193142], [7.3636255, 46.7192375], [7.3635148, 46.7191078], [7.3633596, 46.7190128], [7.3633089, 46.7188896], [7.3633405, 46.7188027], [7.3634274, 46.7187896], [7.363509, 46.7186917], [7.3639846, 46.7184474], [7.36411, 46.7182612], [7.3640721, 46.7181654], [7.3642115, 46.7181019], [7.3642777, 46.718017], [7.3643914, 46.717997], [7.3645592, 46.7179163], [7.3646296, 46.7178265], [7.3650051, 46.7178346], [7.3651369, 46.7176803], [7.3652998, 46.7176503], [7.3653033, 46.7175612], [7.3654813, 46.7174139], [7.3654525, 46.7173357], [7.3656037, 46.7170492], [7.3655631, 46.716942], [7.3654794, 46.7168634], [7.3655002, 46.7167286], [7.365595, 46.7166558], [7.3655184, 46.7164927], [7.3655666, 46.716237], [7.3654054, 46.7159547], [7.365397, 46.7158301], [7.3654856, 46.7154238], [7.3654419, 46.7150518], [7.3655285, 46.714705], [7.3658259, 46.7143983], [7.3660752, 46.7143551], [7.3661839, 46.7143], [7.3662428, 46.7141764], [7.3661708, 46.7140759], [7.36621, 46.7139899], [7.3663592, 46.7140033], [7.3663991, 46.7139102], [7.3667703, 46.713793], [7.3669868, 46.7136015], [7.3672536, 46.7135795]]]}}, {"type": "Feature", "properties": {"name": "Bütschelbach", "typ": "haupt", "laenge_km": 7.17}, "geometry": {"type": "LineString", "coordinates": [[7.4648724, 46.8347692], [7.4646011, 46.8346021], [7.4641365, 46.8344475], [7.4636134, 46.8343635], [7.4634251, 46.8343488], [7.4632947, 46.8343724], [7.4629341, 46.8346327], [7.462863, 46.8346442], [7.4626923, 46.8345902], [7.4624975, 46.8346], [7.462377, 46.8346408], [7.4621277, 46.8346255], [7.461898, 46.8344424], [7.461596, 46.8344233], [7.4614598, 46.8343813], [7.4612204, 46.8344925], [7.4610145, 46.8345223], [7.4608223, 46.8346467], [7.4605173, 46.834773], [7.4601927, 46.8348389], [7.4599474, 46.834794], [7.4598562, 46.8348149], [7.4597234, 46.8347989], [7.4595556, 46.8348431], [7.4594367, 46.8349099], [7.4591112, 46.8348659], [7.4590207, 46.8348099], [7.4590065, 46.8347602], [7.4588122, 46.8347061], [7.4586607, 46.8345257], [7.4585335, 46.8344748], [7.4584191, 46.8344742], [7.4583472, 46.8344993], [7.4583277, 46.8346623], [7.4580912, 46.8346723], [7.4580046, 46.8348], [7.4578171, 46.8348367], [7.4575622, 46.8347476], [7.4574662, 46.8347883], [7.4573586, 46.8349642], [7.4572389, 46.8349964], [7.4569777, 46.8349556], [7.4569068, 46.8349215], [7.4567706, 46.8347592], [7.4566338, 46.8347249], [7.4565714, 46.8347343], [7.4564411, 46.8348438], [7.4560657, 46.8349366], [7.4560497, 46.8350078], [7.4560053, 46.8350317], [7.4559118, 46.835035], [7.4552577, 46.8349445], [7.4549281, 46.8348334], [7.4546677, 46.8348481], [7.4544102, 46.8348037], [7.454186, 46.8348439], [7.4540654, 46.834829], [7.4539541, 46.8348032], [7.4537184, 46.8346683], [7.4535134, 46.8344623], [7.4531884, 46.8344007], [7.4529741, 46.834499], [7.4528861, 46.8345059], [7.452754, 46.8344136], [7.4524493, 46.8343393], [7.4523651, 46.8343462], [7.4521077, 46.8345171], [7.4518785, 46.8345794], [7.4505707, 46.8347443], [7.4504149, 46.8347858], [7.4502688, 46.8347338], [7.4501974, 46.8347418], [7.4500119, 46.8348411], [7.4499663, 46.8350895], [7.4498849, 46.8352166], [7.4498333, 46.8352617], [7.4496317, 46.8353043], [7.4496365, 46.8354037], [7.4492616, 46.8356289], [7.4491098, 46.8358877], [7.4488041, 46.8358853], [7.4483472, 46.8360735], [7.4482165, 46.8361705], [7.4481011, 46.8361912], [7.447856, 46.8361784], [7.4477015, 46.836027], [7.4473503, 46.8360003], [7.4469146, 46.8360106], [7.4451728, 46.8362309], [7.4440622, 46.8362827], [7.4439949, 46.8362972], [7.4437504, 46.8364643], [7.4435051, 46.8365201], [7.4424766, 46.8364516], [7.4419281, 46.8364517], [7.441435, 46.8365186], [7.4413122, 46.8365524], [7.4410293, 46.8367036], [7.4404343, 46.8367859], [7.4402953, 46.8368324], [7.4401257, 46.8369853], [7.4401365, 46.8372084], [7.4399411, 46.8374607], [7.4397625, 46.8375611], [7.4395796, 46.8375904], [7.4394752, 46.8376654], [7.439479, 46.8378757], [7.439534, 46.8380193], [7.4395107, 46.8380732], [7.4393414, 46.8381551], [7.439184, 46.8381718], [7.4390935, 46.8382369], [7.4390074, 46.8383517], [7.4387996, 46.8388384], [7.4386951, 46.8389304], [7.4384286, 46.8390462], [7.4383426, 46.8391355], [7.4383169, 46.839205], [7.4383807, 46.839458], [7.4381531, 46.8396676], [7.4381224, 46.8398295], [7.4379941, 46.8401033], [7.4374838, 46.8404396], [7.4374648, 46.8405344], [7.4375402, 46.8406793], [7.4375481, 46.840848], [7.4374414, 46.8409551], [7.437239, 46.8410455], [7.4372056, 46.8410972], [7.437211, 46.8413176], [7.4372778, 46.8415219], [7.4371297, 46.8416432], [7.4370874, 46.8417293], [7.437049, 46.8420369], [7.4368038, 46.842156], [7.4366249, 46.8422887], [7.4362793, 46.8423883], [7.4362153, 46.84246], [7.4359411, 46.8426106], [7.4358825, 46.8427465], [7.4356856, 46.8429232], [7.4354316, 46.8430214], [7.4353354, 46.8430987], [7.4344698, 46.8433928], [7.43438, 46.8434739], [7.4341829, 46.8435433], [7.4339681, 46.8436971], [7.4336112, 46.8437692], [7.4329936, 46.8440142], [7.4325158, 46.8440937], [7.432067, 46.844365], [7.4318879, 46.844437], [7.4317215, 46.8444359], [7.4316129, 46.8443925], [7.4312718, 46.8440652], [7.4311024, 46.8440178], [7.4309883, 46.8440207], [7.4306691, 46.8441101], [7.4302128, 46.8441579], [7.4300025, 46.8442228], [7.4298096, 46.8444262], [7.4298377, 46.8446663], [7.4296954, 46.8447549], [7.4294076, 46.8447351], [7.4292265, 46.8445994], [7.4290843, 46.8445788], [7.4289345, 46.8446082], [7.4287721, 46.8447018], [7.4286118, 46.8447345], [7.4281425, 46.8447143], [7.4279254, 46.8448369], [7.427808, 46.8448608], [7.4276454, 46.8448014], [7.4275574, 46.8445045], [7.4273541, 46.8443509], [7.4270951, 46.8442639], [7.4266734, 46.8442777], [7.4265625, 46.8443198], [7.4264568, 46.8444507], [7.4260679, 46.8447374], [7.4259581, 46.8447476], [7.4257503, 46.8447055], [7.4253781, 46.8445753], [7.4250226, 46.8446696], [7.4247399, 46.8448897], [7.4241617, 46.8452525], [7.423618, 46.8457338], [7.4234927, 46.845793], [7.4233973, 46.8457885], [7.4231864, 46.8456281], [7.422895, 46.8455336], [7.4227109, 46.845532], [7.4223383, 46.8456226], [7.4221741, 46.8456345], [7.4217626, 46.8455367], [7.4216161, 46.8454622], [7.4214415, 46.8454514], [7.4205834, 46.8455323], [7.4198759, 46.8457999], [7.4197174, 46.8458204], [7.419107, 46.8457847], [7.4186085, 46.8460423], [7.4180072, 46.8460766], [7.417622, 46.8460377], [7.4173129, 46.8460462], [7.4168796, 46.8462421], [7.4157628, 46.8463334], [7.4150538, 46.8465151], [7.4149327, 46.8465001], [7.4146451, 46.8463374], [7.4144197, 46.8462656], [7.414079, 46.8462638], [7.4133391, 46.8464697], [7.413024, 46.8466418], [7.4127903, 46.8466787], [7.4124811, 46.8466841], [7.4118167, 46.846781], [7.4109994, 46.8470628], [7.410219, 46.8472881], [7.4098971, 46.847348], [7.4095656, 46.8473576], [7.4088937, 46.8475089], [7.4086513, 46.8474466], [7.4085033, 46.8473657], [7.4079763, 46.8469207], [7.4076966, 46.8467726], [7.4074102, 46.8467712], [7.4068924, 46.8468483], [7.4065338, 46.8469707], [7.4063849, 46.8470728], [7.4061486, 46.8473274], [7.4058296, 46.847517], [7.4055228, 46.8476145], [7.4049101, 46.8477121], [7.4045349, 46.8478653], [7.4039209, 46.8480316], [7.4032555, 46.8483536], [7.4030521, 46.8484026], [7.4028355, 46.8486384], [7.4025468, 46.8487498], [7.4023663, 46.8488947], [7.4015458, 46.8490933], [7.4011895, 46.8492404], [7.4006631, 46.8493729], [7.4002169, 46.8496372], [7.4000993, 46.8496724], [7.3997801, 46.8499327], [7.3994166, 46.8501752], [7.3992285, 46.8502548], [7.3988767, 46.8503578], [7.3984182, 46.8503786], [7.3981255, 46.8502832], [7.3975077, 46.8499512], [7.3972199, 46.8499794], [7.3970697, 46.8499517], [7.3966739, 46.8503052], [7.3964511, 46.8503871], [7.3958653, 46.8504959], [7.3952665, 46.8507294], [7.3951587, 46.8507767], [7.3948491, 46.8510274], [7.394645, 46.8511306], [7.3944786, 46.8511616], [7.394128, 46.8511329], [7.3937724, 46.8511823], [7.3930899, 46.8516139], [7.3924798, 46.8518562], [7.3923622, 46.8519308], [7.3919341, 46.8519863], [7.3918081, 46.8520696], [7.3915607, 46.8521116], [7.3908099, 46.8523994], [7.3904118, 46.8526272], [7.3901988, 46.8526973]]}}, {"type": "Feature", "properties": {"name": "Chalti Sense", "typ": "haupt", "laenge_km": 6.99}, "geometry": {"type": "MultiLineString", "coordinates": [[[7.3144474, 46.7177552], [7.3139014, 46.7175729], [7.313382, 46.7175015], [7.3126914, 46.7174432], [7.312105, 46.7174396], [7.3113614, 46.7174818], [7.3106307, 46.7176374], [7.3103805, 46.7177458], [7.310126, 46.7179886], [7.3100329, 46.7180343], [7.3097643, 46.7180416], [7.3096813, 46.7180221], [7.3095658, 46.7179338], [7.3092504, 46.7176447], [7.3087268, 46.7174637], [7.30782, 46.716934]], [[7.3155448, 46.7178667], [7.3149386, 46.7177471], [7.3146308, 46.7177603], [7.3144474, 46.7177552]], [[7.3155448, 46.7178667], [7.3154398, 46.7179502], [7.3153294, 46.7179894], [7.3150232, 46.7179909], [7.3147235, 46.7179207], [7.3144474, 46.7177552]], [[7.3171543, 46.7175471], [7.3168311, 46.7174811], [7.3166408, 46.7174787], [7.3160589, 46.7176499], [7.3155448, 46.7178667]], [[7.3187794, 46.7174059], [7.3184811, 46.7176906], [7.3179898, 46.7177865], [7.3177601, 46.7177808], [7.3175068, 46.7177161], [7.3171543, 46.7175471]], [[7.3187794, 46.7174059], [7.3186017, 46.7173925], [7.3183812, 46.7174306], [7.3181573, 46.7175216], [7.3179923, 46.7175415], [7.3174664, 46.7175195], [7.3171543, 46.7175471]], [[7.3236361, 46.7170781], [7.323342, 46.7171785], [7.3228715, 46.7172306], [7.3226202, 46.7172046], [7.3224268, 46.7171415], [7.3219883, 46.7169274], [7.3217403, 46.7168573], [7.3214432, 46.7168183], [7.3207187, 46.7168134], [7.3204371, 46.7168474], [7.3199774, 46.7169996], [7.3196325, 46.7171597], [7.3187794, 46.7174059]], [[7.3246789, 46.7167528], [7.3243036, 46.7168991], [7.3241616, 46.7170373], [7.3238284, 46.7170993], [7.3236361, 46.7170781]], [[7.3243492, 46.7167304], [7.3241185, 46.7167799], [7.3238734, 46.7168893], [7.3236361, 46.7170781]], [[7.3246789, 46.7167528], [7.3243492, 46.7167304]], [[7.3259276, 46.7165892], [7.3257279, 46.7165177], [7.3254124, 46.7164967], [7.3248482, 46.7165718], [7.3243492, 46.7167304]], [[7.3259276, 46.7165892], [7.3256222, 46.7166013], [7.3246789, 46.7167528]], [[7.3278716, 46.716674], [7.327527, 46.7167347], [7.3269334, 46.7166629], [7.32626, 46.7166551], [7.3259276, 46.7165892]], [[7.3278716, 46.716674], [7.3268932, 46.7165172], [7.3264792, 46.7165166], [7.3259276, 46.7165892]], [[7.3399253, 46.7146856], [7.3390218, 46.7147002], [7.3385891, 46.7146329], [7.3381679, 46.7144604], [7.3378056, 46.7144152], [7.3373703, 46.7144099], [7.3362017, 46.7145089], [7.3354477, 46.7146514], [7.3349761, 46.7146965], [7.3347606, 46.7147586], [7.3342811, 46.7147788], [7.3334772, 46.7148883], [7.3329832, 46.7150297], [7.3319946, 46.7152282], [7.33162, 46.7153876], [7.3314245, 46.7153904], [7.3311913, 46.715541], [7.3305971, 46.7157109], [7.330058, 46.715949], [7.3294178, 46.716171], [7.3292181, 46.7163359], [7.3284199, 46.7166782], [7.3282131, 46.716699], [7.3278716, 46.716674]], [[7.3405316, 46.7152572], [7.3407329, 46.7150228], [7.3407408, 46.7149055], [7.3403018, 46.7147412], [7.3401031, 46.7147464], [7.3399253, 46.7146856]], [[7.3786847, 46.7161014], [7.3785127, 46.7160371], [7.37824, 46.7160245], [7.3777484, 46.7161761], [7.3775448, 46.7161934], [7.3764912, 46.7158182], [7.3748023, 46.7154817], [7.3743562, 46.7154601], [7.3741744, 46.7154103], [7.3739457, 46.7152946], [7.3736996, 46.7150942], [7.3735702, 46.7148954], [7.3735367, 46.7146011], [7.3733532, 46.7143872], [7.3731241, 46.7142223], [7.3728128, 46.7141201], [7.3727163, 46.7139966], [7.3720777, 46.7135022], [7.3719383, 46.7133549], [7.371701, 46.7131995], [7.3713956, 46.7128915], [7.3712609, 46.7128314], [7.370677, 46.712724], [7.3705425, 46.7126744], [7.37031, 46.712663], [7.3698588, 46.7127253], [7.3695341, 46.7128526], [7.3693017, 46.7129891], [7.3691695, 46.7130986], [7.3691511, 46.713255], [7.3690464, 46.7134528], [7.3687886, 46.7137367], [7.3684634, 46.7138804], [7.3683539, 46.714028], [7.3681083, 46.7142423], [7.3679779, 46.714315], [7.3678443, 46.7143394], [7.3676019, 46.7142762], [7.3674303, 46.7141506], [7.3672849, 46.7137312], [7.3672135, 46.7132867], [7.3671311, 46.7130485], [7.3669755, 46.7128262], [7.3667845, 46.7126785], [7.3661481, 46.7125781], [7.365806, 46.7125832], [7.3643532, 46.7128468], [7.3637617, 46.7129986], [7.3635398, 46.7130239], [7.3630422, 46.7129553], [7.3625605, 46.712802], [7.3615281, 46.7124138], [7.3612453, 46.7122767], [7.3610039, 46.7122321], [7.3607173, 46.7122687], [7.3605999, 46.7122516], [7.3603747, 46.7120359], [7.3598478, 46.7120385], [7.3588277, 46.7122229], [7.3585404, 46.7121692], [7.358179, 46.7119339], [7.3579803, 46.7118848], [7.3572068, 46.711974], [7.3567788, 46.7119028], [7.3566217, 46.7119054], [7.3556344, 46.7120666], [7.3548456, 46.7120434], [7.3544003, 46.7121388], [7.3538768, 46.712092], [7.3534661, 46.7121665], [7.3520248, 46.7121852], [7.3502963, 46.7120346], [7.3496808, 46.7119512], [7.3493637, 46.7119628], [7.3488937, 46.7120907], [7.3487846, 46.7122267], [7.3487881, 46.712503], [7.3486955, 46.7126371], [7.3485753, 46.7126922], [7.3478838, 46.7128081], [7.347542, 46.7128196], [7.3472386, 46.7128766], [7.3471297, 46.7130541], [7.3470314, 46.7131231], [7.3465971, 46.7133141], [7.3460366, 46.7133472], [7.3455967, 46.7134652], [7.3455037, 46.7134671], [7.3452356, 46.7134136], [7.3448063, 46.713431], [7.3445765, 46.7133775], [7.3443855, 46.7132566], [7.3443, 46.7132395], [7.343745, 46.7133407], [7.3433354, 46.713501], [7.342913, 46.713857], [7.3425538, 46.7140273], [7.3421874, 46.714125], [7.341319, 46.7142396], [7.3408474, 46.7141753], [7.3404366, 46.7142394], [7.340355, 46.7142779], [7.3400531, 46.714632], [7.3399253, 46.7146856]]]}}, {"type": "Feature", "properties": {"name": "Chalti Sense", "typ": "haupt", "laenge_km": 1.72}, "geometry": {"type": "MultiLineString", "coordinates": [[[7.3824795, 46.7170364], [7.3823378, 46.7170857], [7.3821684, 46.7170701], [7.3817777, 46.7169294], [7.3815805, 46.7167941], [7.3813648, 46.7167018], [7.3811657, 46.7166754], [7.3808245, 46.7165658], [7.3804793, 46.7165734], [7.3801328, 46.7165051], [7.3798943, 46.7165851], [7.379571, 46.7165648], [7.3791176, 46.7164209], [7.3788159, 46.7162226], [7.3787463, 46.7161139], [7.3791082, 46.7161763], [7.3793747, 46.7163232], [7.3798104, 46.716414], [7.3804676, 46.716317], [7.3806931, 46.7163324], [7.3808769, 46.7164129], [7.3813808, 46.7165272], [7.3821143, 46.7169825], [7.3824795, 46.7170364]], [[7.3942577, 46.7154899], [7.3940074, 46.7155013], [7.3937973, 46.7155863], [7.3934025, 46.7158822], [7.3931883, 46.7162022], [7.3929934, 46.7163255], [7.3928599, 46.7163416], [7.392642, 46.7163183], [7.3922517, 46.7164126], [7.3920331, 46.716405], [7.3915752, 46.7163054], [7.391376, 46.7163343], [7.3912566, 46.7164789], [7.3912248, 46.7167222], [7.3909472, 46.7170423], [7.3906451, 46.7172088], [7.3902157, 46.7173032], [7.3897863, 46.7172999], [7.3893147, 46.7172218], [7.3884571, 46.717327], [7.3879433, 46.7173248], [7.3874622, 46.7172788], [7.3871048, 46.717144], [7.3868725, 46.7171151], [7.3866492, 46.7171544], [7.3863913, 46.7173099], [7.3862396, 46.7173468], [7.3859354, 46.7175111], [7.385812, 46.7175304], [7.3852735, 46.7174736], [7.3847347, 46.7174725], [7.3845884, 46.7174357], [7.3842283, 46.7172376], [7.3839647, 46.7169101], [7.383651, 46.7168148], [7.3833454, 46.7168291], [7.3828345, 46.7169932], [7.3824795, 46.7170364]]]}}, {"type": "Feature", "properties": {"name": "Chise", "typ": "haupt", "laenge_km": 17.27}, "geometry": {"type": "MultiLineString", "coordinates": [[[7.5957528, 46.8223644], [7.5953968, 46.8221065], [7.595138, 46.8217643], [7.5949782, 46.8216777], [7.5941264, 46.8214623], [7.5933518, 46.8213463], [7.5929747, 46.8211874], [7.5926529, 46.8209219], [7.5923843, 46.8205301], [7.5922846, 46.8204457], [7.5912984, 46.8199757], [7.5902374, 46.8197069], [7.5890123, 46.819574], [7.5888039, 46.8195267], [7.5877897, 46.819159], [7.5869264, 46.8190921], [7.5862396, 46.8189328], [7.5859448, 46.8189355], [7.5857785, 46.8189722], [7.5855106, 46.8191154], [7.5852381, 46.8194222], [7.5851288, 46.819485], [7.5848479, 46.8195448], [7.5844919, 46.8195078], [7.5833198, 46.8192016], [7.5830448, 46.8191558], [7.5812019, 46.8190829], [7.5803075, 46.8192354], [7.5792528, 46.8193324], [7.5784654, 46.8196555], [7.5781529, 46.8197043], [7.577537, 46.8197278], [7.5766152, 46.8196103], [7.576083, 46.8194805], [7.5748418, 46.8193377], [7.5740114, 46.8191422], [7.5731369, 46.8188284], [7.5725194, 46.8186955], [7.5719864, 46.8187023]], [[7.596455, 46.8228968], [7.5964842, 46.8226731], [7.5964094, 46.8225786], [7.5962207, 46.8224499], [7.595932, 46.822377], [7.5957528, 46.8223644]], [[7.596455, 46.8228968], [7.5960074, 46.822518], [7.5957528, 46.8223644]], [[7.6029099, 46.8268905], [7.6025272, 46.8267696], [7.6021613, 46.826554], [7.6012378, 46.825735], [7.6010935, 46.8252109], [7.6010394, 46.8251357], [7.6007315, 46.8250023], [7.6005349, 46.8248576], [7.6004302, 46.8246034], [7.6002621, 46.8243791], [7.5990933, 46.8236937], [7.5986279, 46.8235605], [7.5982642, 46.8234016], [7.5980911, 46.8233577], [7.5974801, 46.8233211], [7.5972878, 46.8232729], [7.596455, 46.8228968]], [[7.6042852, 46.8271529], [7.6029099, 46.8268905]], [[7.6042852, 46.8271529], [7.6042542, 46.8270018], [7.6037851, 46.826871], [7.6030184, 46.8267896], [7.6029099, 46.8268905]], [[7.678708, 46.8973023], [7.677839, 46.897164], [7.6775406, 46.8972185], [7.6773784, 46.8972954], [7.6708537, 46.9012771], [7.670586, 46.9013571], [7.6704009, 46.9015163], [7.6689276, 46.9018524], [7.6683775, 46.90192], [7.6682189, 46.9018908], [7.6680912, 46.9019128], [7.6675794, 46.9018583], [7.6674953, 46.9018204], [7.6669579, 46.9017406], [7.666849, 46.9016965], [7.6666941, 46.9016927], [7.6665499, 46.9016284], [7.6663988, 46.9016306], [7.666214, 46.9015724], [7.666036, 46.9015692], [7.6652433, 46.9014176], [7.6651234, 46.9013541], [7.6650136, 46.9013599], [7.6647, 46.9012448], [7.6642132, 46.9008443], [7.6640139, 46.9005761], [7.6634496, 46.8999995], [7.663353, 46.8998073], [7.6633591, 46.899708], [7.6636892, 46.8988449], [7.6636981, 46.8985541], [7.6633305, 46.8976818], [7.66298, 46.8971196], [7.6627734, 46.8969334], [7.6624951, 46.8968314], [7.6621753, 46.8967693], [7.6599762, 46.8963953], [7.6592652, 46.8962022], [7.6586036, 46.8958954], [7.6582791, 46.8957016], [7.6566991, 46.8944046], [7.6560036, 46.894028], [7.6555478, 46.8938535], [7.6508954, 46.8925468], [7.6498933, 46.8921563], [7.6440604, 46.8890477], [7.6436531, 46.8888597], [7.6299467, 46.8837625], [7.6295769, 46.8835892], [7.6288038, 46.8831384], [7.6281604, 46.882604], [7.6250117, 46.8793905], [7.624246, 46.878649], [7.6241204, 46.8784621], [7.6236603, 46.8779841], [7.6236188, 46.8777566], [7.6235714, 46.8776933], [7.6235877, 46.8776399], [7.6234992, 46.8775166], [7.6233836, 46.8774674], [7.6231583, 46.8774791], [7.6231084, 46.877441], [7.622317, 46.8766159], [7.6220505, 46.8763971], [7.621872, 46.8760399], [7.6211909, 46.873477], [7.6210609, 46.8725325], [7.6210607, 46.8721094], [7.6211318, 46.871845], [7.6213319, 46.8716211], [7.6221066, 46.8711085], [7.6230576, 46.8703651], [7.6234184, 46.870003], [7.6238631, 46.8698558], [7.6242393, 46.869579], [7.6243952, 46.8693451], [7.6244939, 46.8690714], [7.6244788, 46.868797], [7.6243242, 46.8684843], [7.6243067, 46.8681675], [7.6243422, 46.8679721], [7.6244517, 46.8678521], [7.6246133, 46.8677794], [7.624862, 46.8677222], [7.625045, 46.8676283], [7.6251968, 46.867404], [7.6252694, 46.8671593], [7.6254436, 46.8669905], [7.6256947, 46.8668502], [7.6258174, 46.8665874], [7.6264001, 46.8662411], [7.6264964, 46.8659752], [7.6265226, 46.8657638], [7.6265128, 46.8655187], [7.6263724, 46.8648616], [7.626326, 46.8648038], [7.6254793, 46.864289], [7.6253323, 46.8641366], [7.6253269, 46.8637738], [7.6253908, 46.8631791], [7.6253288, 46.862965], [7.6250058, 46.8627291], [7.6237372, 46.8611347], [7.6235775, 46.8607793], [7.6236019, 46.8605211], [7.6235449, 46.8602457], [7.6230477, 46.8599729], [7.6229491, 46.8598566], [7.6229631, 46.8597848], [7.6231232, 46.8595814], [7.6231725, 46.8594037], [7.6230411, 46.8591142], [7.6224039, 46.858315], [7.6223118, 46.8582623], [7.6220035, 46.8582062], [7.6217919, 46.8579035], [7.6216869, 46.8578235], [7.6212153, 46.8576836], [7.6210253, 46.85758], [7.6208611, 46.8574173], [7.6207794, 46.8571767], [7.6206258, 46.8569199], [7.620493, 46.8564746], [7.6203046, 46.8563026], [7.6202499, 46.8561962], [7.6202916, 46.8559458], [7.6202004, 46.8556859], [7.6201697, 46.8554308], [7.6202272, 46.8552047], [7.620382, 46.8549059], [7.6203021, 46.8546946], [7.6202568, 46.8544043], [7.6202721, 46.8537754], [7.6200315, 46.8535087], [7.6198455, 46.8534231], [7.6193791, 46.8532943], [7.6189599, 46.8527858], [7.6189711, 46.8526455], [7.6191556, 46.8521703], [7.619211, 46.8518845], [7.6193447, 46.8516899], [7.6195975, 46.8515392], [7.6196814, 46.8514263], [7.6196109, 46.8509363], [7.6198699, 46.8506311], [7.619985, 46.8505499], [7.6200957, 46.8504974], [7.6206239, 46.8503703], [7.6209112, 46.8497067], [7.6208672, 46.8496061], [7.6206275, 46.84941], [7.6202359, 46.8493682], [7.6200454, 46.8493053], [7.6199492, 46.8491983], [7.619791, 46.8488027], [7.6197685, 46.8486257], [7.6198868, 46.848254], [7.6198955, 46.8479281], [7.6199571, 46.8478355], [7.6205773, 46.8476872], [7.6209203, 46.8474572], [7.6212018, 46.8473307], [7.6212332, 46.8471971], [7.6211288, 46.8464788], [7.6211513, 46.8463838], [7.6215301, 46.8460033], [7.6216754, 46.8456987], [7.6214948, 46.8453947], [7.6215056, 46.8453208], [7.621752, 46.8449586], [7.6216388, 46.8446409], [7.6218446, 46.8444358], [7.6218349, 46.8443326], [7.6216824, 46.8440042], [7.6213924, 46.8436739], [7.6210972, 46.8434906], [7.6209569, 46.8433612], [7.6209504, 46.8433167], [7.6210849, 46.8428805], [7.6213438, 46.8426295], [7.6213678, 46.8425264], [7.621034, 46.8421967], [7.6205839, 46.8415859], [7.6203402, 46.8413765], [7.6201461, 46.8412684], [7.619378, 46.8410074], [7.6179009, 46.8408107], [7.6174766, 46.8406646], [7.6173685, 46.8405934], [7.6173662, 46.8403544], [7.6174787, 46.8402546], [7.6176174, 46.8397862], [7.6176005, 46.8396085], [7.6174508, 46.8394427], [7.6172286, 46.8393138], [7.6170342, 46.8391454], [7.6167893, 46.8387183], [7.6165685, 46.8384386], [7.61599, 46.8380728], [7.6157909, 46.8377747], [7.6155435, 46.8375054], [7.6154786, 46.8372082], [7.6150234, 46.8367995], [7.6147833, 46.8364978], [7.6144675, 46.8357963], [7.6143703, 46.8352229], [7.6143935, 46.835016], [7.6143622, 46.8348792], [7.6142078, 46.8346626], [7.6130957, 46.8338802], [7.6130101, 46.833746], [7.6126709, 46.8334521], [7.6116505, 46.8328346], [7.6108114, 46.8321881], [7.610413, 46.8319398], [7.6099279, 46.8314031], [7.6098147, 46.8310825], [7.6095968, 46.830759], [7.6089641, 46.8303787], [7.6083232, 46.8301292], [7.608069, 46.8299741], [7.6078204, 46.8296491], [7.6066667, 46.8284828], [7.6062969, 46.8282714], [7.6053633, 46.827882], [7.6047131, 46.8273774], [7.6042852, 46.8271529]], [[7.6807765, 46.8983438], [7.6803165, 46.8981346], [7.6798665, 46.8978302], [7.6795286, 46.8975307], [7.678708, 46.8973023]], [[7.6807765, 46.8983438], [7.6808089, 46.8981622], [7.680704, 46.8979976], [7.6801955, 46.8977689], [7.6796616, 46.8974226], [7.6791001, 46.8972792], [7.678708, 46.8973023]], [[7.680406, 46.8991963], [7.6808185, 46.8988391], [7.6811776, 46.8988266]], [[7.6811776, 46.8988266], [7.6811414, 46.8985376], [7.6807765, 46.8983438]], [[7.6924166, 46.9026395], [7.692112, 46.9026638], [7.6910287, 46.9028511], [7.6876616, 46.9029467], [7.6863787, 46.9023148], [7.6863082, 46.9022124], [7.6861005, 46.9015187], [7.6850271, 46.9002545], [7.684635, 46.8996705], [7.6833316, 46.8993255], [7.6823678, 46.8991402], [7.6817756, 46.8988714], [7.6811776, 46.8988266]]]}}, {"type": "Feature", "properties": {"name": "Chräbsbach", "typ": "neben", "laenge_km": 9.23}, "geometry": {"type": "MultiLineString", "coordinates": [[[7.3515084, 46.9998454], [7.3565967, 47.0004581], [7.3600912, 47.0013761], [7.3664964, 47.0031252], [7.3687575, 47.0038498], [7.36961, 47.0040425], [7.3699381, 47.0040828], [7.3704305, 47.004084], [7.3708904, 47.004035], [7.3714822, 47.0038793], [7.3727656, 47.0033211], [7.3736162, 47.0023459], [7.3740364, 47.0020495], [7.3752539, 47.0015307], [7.3772755, 47.0010246], [7.3775387, 47.0009247], [7.3778187, 47.0007458], [7.3789064, 46.9999176], [7.3797455, 46.9995432], [7.3815937, 46.9990762], [7.3823593, 46.9987915], [7.383577, 46.9981999], [7.3847953, 46.9974843], [7.3850254, 46.9974228], [7.3861234, 46.9973374], [7.386751, 46.9971973], [7.3872498, 46.9971658], [7.3874638, 46.9970886], [7.38793, 46.9966705], [7.3883004, 46.9965005], [7.3900874, 46.9959842], [7.3905916, 46.9959098], [7.3923168, 46.995769], [7.392721, 46.9956617], [7.393107, 46.9954789], [7.3941935, 46.994765], [7.3953671, 46.9941032], [7.395605, 46.9939839], [7.396051, 46.9938232], [7.396372, 46.9937599], [7.3968219, 46.9937236], [7.3990033, 46.9937762], [7.4001447, 46.9936171], [7.4005906, 46.9935192], [7.4010618, 46.9933105], [7.4029701, 46.9920068], [7.4045944, 46.9911059], [7.4049453, 46.9910284], [7.407232, 46.9907352], [7.40754, 46.9907383], [7.4077006, 46.9907828], [7.4083944, 46.9908411], [7.4086847, 46.9909036], [7.4088244, 46.9908885], [7.4090257, 46.9909462], [7.4092201, 46.9909496], [7.4094337, 46.991005], [7.409553, 46.9909984], [7.4098543, 46.9910752], [7.4098927, 46.9911152], [7.4103557, 46.9912611], [7.4104767, 46.9913372], [7.4110101, 46.9915177], [7.4122159, 46.9921339], [7.4129448, 46.992332], [7.4133796, 46.9923741], [7.4142147, 46.9922498], [7.4143822, 46.9921755], [7.4147397, 46.992202], [7.4179907, 46.9925266], [7.418687, 46.9926267], [7.4192944, 46.9927876], [7.4198076, 46.9928711], [7.4212028, 46.9932594], [7.4215772, 46.9933383], [7.423225, 46.9939486], [7.4233002, 46.994007], [7.4234657, 46.9940514], [7.42355, 46.9941151], [7.4246889, 46.9946318], [7.4250107, 46.9947089], [7.4278493, 46.9951561], [7.4300915, 46.9953034], [7.4314345, 46.9956152], [7.4320508, 46.9958163], [7.432286, 46.995932], [7.4327998, 46.9960729], [7.4330086, 46.996085], [7.4333472, 46.9960309], [7.434078, 46.9958376], [7.4353635, 46.9959355], [7.4357917, 46.9960561], [7.4358284, 46.9961131], [7.43632, 46.9963297], [7.4368158, 46.9966359], [7.4370467, 46.9967311], [7.4372445, 46.9968029], [7.437585, 46.9968503]], [[7.437585, 46.9968503], [7.4377452, 46.9968842], [7.438456, 46.9968129]], [[7.437585, 46.9968503], [7.4377091, 46.9967966], [7.438405, 46.9967513], [7.438456, 46.9968129]], [[7.438456, 46.9968129], [7.4384913, 46.9968556], [7.4387304, 46.9967695], [7.438737, 46.9966465]], [[7.438456, 46.9968129], [7.438737, 46.9966465]], [[7.438737, 46.9966465], [7.4390561, 46.9965707], [7.4394312, 46.9966422], [7.4399478, 46.9965688], [7.4406138, 46.9964067], [7.440812, 46.9962389], [7.4409103, 46.9962272], [7.4411998, 46.9962286], [7.4413468, 46.9963675], [7.4414303, 46.9963511], [7.4415608, 46.9962082], [7.4417588, 46.9961043], [7.4420087, 46.9961286], [7.4422136, 46.9960995], [7.4426133, 46.9960999], [7.4433744, 46.9961695], [7.443521, 46.996166], [7.4438367, 46.9960845], [7.4441688, 46.9960485], [7.4443265, 46.996071], [7.4446158, 46.9961813], [7.4451113, 46.9964911], [7.4453995, 46.9966296], [7.4456836, 46.9966418], [7.4461651, 46.9968184], [7.4468019, 46.9967621], [7.4469472, 46.9967777], [7.4475374, 46.9967392], [7.4477296, 46.9967029], [7.4482897, 46.9966932], [7.4489554, 46.9965458], [7.4495595, 46.9964621], [7.4496358, 46.9964024], [7.4498137, 46.9959973], [7.4497901, 46.9958445], [7.4495557, 46.9955724], [7.4495884, 46.9954395], [7.4495175, 46.9950319], [7.4496205, 46.9946083], [7.4495416, 46.9944814], [7.4493131, 46.9943846], [7.4492545, 46.9943162], [7.4492923, 46.9942194], [7.4494879, 46.9941185], [7.4495287, 46.9938936], [7.4489599, 46.9931468], [7.4489728, 46.9930139], [7.4489151, 46.9928693], [7.4488992, 46.9926501], [7.4491632, 46.9924086], [7.4491617, 46.9923476], [7.4489257, 46.9921243], [7.4489718, 46.991938], [7.4491096, 46.991661], [7.4493872, 46.9914209], [7.4496707, 46.9912482], [7.4498067, 46.9909448], [7.4499781, 46.9908171], [7.4502722, 46.9907229], [7.4504047, 46.9906099], [7.4505905, 46.9901337]]]}}, {"type": "Feature", "properties": {"name": "Chräbsegrabe", "typ": "haupt", "laenge_km": 0.94}, "geometry": {"type": "LineString", "coordinates": [[7.6011057, 46.9077875], [7.601207, 46.9079728], [7.6011811, 46.9080426], [7.6014414, 46.908351], [7.601591, 46.9086701], [7.6012644, 46.9100265], [7.6012734, 46.910315], [7.6011145, 46.9109402], [7.6010483, 46.9116677], [7.6012936, 46.9136841], [7.6012331, 46.9139741], [7.6012139, 46.9145318], [7.6010559, 46.9152158], [7.6007405, 46.9158442], [7.6006677, 46.9159128], [7.6005205, 46.9159712]]}}, {"type": "Feature", "properties": {"name": "Chüelibach", "typ": "neben", "laenge_km": 5.92}, "geometry": {"type": "LineString", "coordinates": [[7.3331713, 47.0051631], [7.3344586, 47.00501], [7.3349681, 47.0050391], [7.3357107, 47.0052454], [7.3362792, 47.0053374], [7.3364706, 47.0053948], [7.3376893, 47.0059158], [7.338128, 47.0064351], [7.3386286, 47.0072323], [7.3390493, 47.0077685], [7.3397706, 47.0088269], [7.3400907, 47.0095005], [7.3417754, 47.0105357], [7.3433789, 47.0117017], [7.3448622, 47.0126954], [7.3470829, 47.0145885], [7.3472269, 47.0146458], [7.3473751, 47.0146459], [7.348372, 47.015295], [7.3485615, 47.0156093], [7.3487137, 47.0157465], [7.3490224, 47.0159295], [7.3492519, 47.0159854], [7.349425, 47.0160998], [7.3499758, 47.0162797], [7.3505243, 47.0165352], [7.3512224, 47.0166192], [7.3515561, 47.0166288], [7.3518025, 47.0165943], [7.3520291, 47.0167001], [7.3521683, 47.0166764], [7.352443, 47.0167766], [7.3529684, 47.0168508], [7.3545943, 47.0174279], [7.354729, 47.0175653], [7.35589, 47.0177746], [7.3569104, 47.0178], [7.3583493, 47.0175435], [7.3598364, 47.017234], [7.3600564, 47.0171504], [7.3600482, 47.0170552], [7.3604074, 47.0170268], [7.3619147, 47.0171592], [7.3636148, 47.0171339], [7.3642271, 47.0171577], [7.3645985, 47.0170585], [7.3647222, 47.0170802], [7.3648016, 47.0171476], [7.3651212, 47.0171935], [7.3652937, 47.017177], [7.3656197, 47.0172179], [7.3657082, 47.0171933], [7.3659647, 47.0172138], [7.3661598, 47.0171825], [7.366325, 47.0172771], [7.3667186, 47.0173471], [7.3668576, 47.0174541], [7.3672477, 47.0174512], [7.3678146, 47.0176888], [7.3682506, 47.0178249], [7.3689273, 47.0179702], [7.3690694, 47.0179605], [7.3694557, 47.01804], [7.3699023, 47.0180644], [7.3704442, 47.0180173], [7.3713642, 47.0180811], [7.3715181, 47.0181645], [7.3714898, 47.0183093], [7.3715306, 47.0183706], [7.3720756, 47.0186002], [7.3729054, 47.0190273], [7.3736613, 47.0197225], [7.3744472, 47.0201807], [7.375003, 47.0204591], [7.3751058, 47.0206091], [7.3753405, 47.0207949], [7.3764451, 47.0210669], [7.3767196, 47.0212112], [7.3769809, 47.0212019], [7.3772231, 47.0210892], [7.3778079, 47.0210059], [7.3779682, 47.0209368], [7.3785853, 47.0210261], [7.3789099, 47.0211325], [7.3791219, 47.0211632], [7.3799913, 47.0211536], [7.3806012, 47.0211918], [7.3817413, 47.0210565], [7.3818888, 47.0211147], [7.3821495, 47.0211387], [7.3833271, 47.0220751], [7.3837204, 47.0221729], [7.3838561, 47.0221796], [7.3840307, 47.0223072], [7.384165, 47.022354], [7.3841047, 47.0225174], [7.3841279, 47.0226555], [7.3842202, 47.0228658], [7.3843918, 47.023115], [7.3844739, 47.0233588], [7.3845182, 47.0244789], [7.3846139, 47.0245491], [7.384924, 47.0245533], [7.3849846, 47.024598], [7.3850318, 47.0249668], [7.3851814, 47.0254404], [7.3854876, 47.0260576], [7.3857422, 47.0263699], [7.3858928, 47.0266273], [7.3861301, 47.0268474], [7.3864526, 47.0273768], [7.38663, 47.0275339], [7.3867981, 47.0275897], [7.3868928, 47.0276956], [7.3869347, 47.0278035], [7.3869153, 47.0279761], [7.3870091, 47.0282775], [7.3870595, 47.0283552], [7.3872981, 47.0285468], [7.3873111, 47.0292987], [7.3873729, 47.0295546], [7.3874989, 47.0297847], [7.3875194, 47.0299487], [7.387417, 47.0302084], [7.3874868, 47.0304369], [7.3873784, 47.0310461], [7.3874242, 47.0313565]]}}, {"type": "Feature", "properties": {"name": "Dorfbach", "typ": "neben", "laenge_km": 11.85}, "geometry": {"type": "LineString", "coordinates": [[7.3372054, 46.771453], [7.3372, 46.7715338], [7.3369963, 46.7717732], [7.3369673, 46.7719115], [7.3369932, 46.7721905], [7.3371308, 46.7723704], [7.3371776, 46.7726364], [7.337455, 46.7730864], [7.3373833, 46.7735639], [7.336645, 46.7742855], [7.3364404, 46.774391], [7.3362787, 46.7744155], [7.3358423, 46.7745821], [7.335547, 46.7747876], [7.335419, 46.7749217], [7.3351777, 46.7753497], [7.3350217, 46.7755517], [7.3349845, 46.7758151], [7.3349143, 46.7758509], [7.3346133, 46.7763216], [7.334628, 46.7765007], [7.3345259, 46.7766912], [7.3345702, 46.7770329], [7.3344355, 46.7772774], [7.3344554, 46.7773408], [7.3344012, 46.7775244], [7.3342562, 46.7777949], [7.334119, 46.7778925], [7.3341322, 46.7780655], [7.3339328, 46.778277], [7.3338115, 46.7785171], [7.3335927, 46.7787321], [7.3334966, 46.7789218], [7.3334988, 46.7790348], [7.3334111, 46.7791401], [7.333369, 46.779328], [7.3334036, 46.7795801], [7.3333146, 46.7797071], [7.3332475, 46.7801994], [7.3324241, 46.7812173], [7.3323277, 46.7816175], [7.3321154, 46.7816854], [7.3321318, 46.7819167], [7.3319378, 46.7820817], [7.33192, 46.782507], [7.3317972, 46.7826984], [7.3317799, 46.7829805], [7.3316921, 46.7831705], [7.3316558, 46.7834136], [7.3317167, 46.7837279], [7.3316152, 46.7838039], [7.3317055, 46.784042], [7.3316915, 46.7841045], [7.3314675, 46.7843592], [7.3312858, 46.7844015], [7.3312435, 46.7844597], [7.331088, 46.7845035], [7.331067, 46.7845993], [7.3309986, 46.7846505], [7.3308284, 46.7846539], [7.3307734, 46.784687], [7.3307435, 46.7847884], [7.3303916, 46.7848383], [7.3303534, 46.7849159], [7.3300797, 46.7851357], [7.3299793, 46.7851899], [7.3298174, 46.7852174], [7.329773, 46.7852793], [7.329884, 46.7853719], [7.3297824, 46.7854315], [7.3296573, 46.7854266], [7.3295968, 46.785521], [7.3297051, 46.7856636], [7.3296034, 46.7858546], [7.3296357, 46.7863201], [7.3295126, 46.7869558], [7.330013, 46.7881287], [7.3299359, 46.7884136], [7.3296317, 46.7890039], [7.3295822, 46.7894833], [7.3296554, 46.790178], [7.32977, 46.7904181], [7.3301157, 46.7909213], [7.3304938, 46.791388], [7.3318856, 46.7924265], [7.3321241, 46.7930151], [7.3325589, 46.7935331], [7.3330406, 46.7944543], [7.3343833, 46.7961571], [7.3345269, 46.7970296], [7.334853, 46.79767], [7.336104, 46.7985949], [7.3373654, 46.80008], [7.3396502, 46.8021381], [7.3422468, 46.8041669], [7.3432881, 46.8050382], [7.3459171, 46.8078713], [7.3471635, 46.8098963], [7.3487965, 46.8116766], [7.3494622, 46.8125582], [7.3498482, 46.8136423], [7.3499004, 46.8138886], [7.3499563, 46.8139489], [7.3500664, 46.8142833], [7.3500523, 46.8144107], [7.3500975, 46.8144563], [7.3500925, 46.8145251], [7.3501593, 46.8145869], [7.3501753, 46.8147569], [7.35027, 46.814851], [7.3503396, 46.8150974], [7.3501769, 46.8152771], [7.3499039, 46.8154583], [7.3495279, 46.8154232], [7.3493587, 46.8154512], [7.3492555, 46.8155249], [7.3489282, 46.8155486], [7.3486494, 46.8156547], [7.34831, 46.8155872], [7.3481374, 46.8155107], [7.3474477, 46.8156656], [7.3473935, 46.8157613], [7.347172, 46.8159116], [7.3464003, 46.8158928], [7.3462118, 46.8159312], [7.3460888, 46.8160462], [7.3460877, 46.8161691], [7.3460166, 46.8162889], [7.3459945, 46.8164589], [7.3457769, 46.816682], [7.3455597, 46.8169921], [7.3446207, 46.8168841], [7.3440268, 46.8169671], [7.3437231, 46.816976], [7.3432601, 46.8171102], [7.3427955, 46.8174519], [7.3420801, 46.8176009], [7.3419985, 46.8176422], [7.3418196, 46.8178204], [7.34151, 46.8180222], [7.3413127, 46.8183579], [7.3412034, 46.818645], [7.3412041, 46.8188143], [7.341287, 46.8188747], [7.341899, 46.8190776], [7.3419978, 46.819288], [7.3422951, 46.8195382], [7.3423865, 46.8196014], [7.3426172, 46.819622], [7.3427537, 46.8196675], [7.3428345, 46.8197205], [7.3429675, 46.819931], [7.3433517, 46.8200191], [7.3439865, 46.8203044], [7.3441704, 46.8203088], [7.3445113, 46.8201923], [7.3447811, 46.8201539], [7.3451679, 46.8201803], [7.3453711, 46.8201654], [7.3457532, 46.8202448], [7.3461058, 46.8200206], [7.3462897, 46.8200015], [7.3467096, 46.820032], [7.3469714, 46.8200889], [7.3474656, 46.8200551], [7.3477061, 46.8201294], [7.3478702, 46.8202665], [7.3481394, 46.8204138], [7.3481466, 46.8204912], [7.3488204, 46.8212541], [7.3494002, 46.8220447], [7.349536, 46.8221322], [7.3497635, 46.8221817], [7.3500135, 46.8223465], [7.35006, 46.8224881], [7.3500067, 46.8227186], [7.3500232, 46.8228587], [7.3502634, 46.8231008], [7.3504487, 46.8232146], [7.3505112, 46.8235271], [7.3507316, 46.8238566], [7.3508861, 46.8240225], [7.3511506, 46.8241521], [7.3514446, 46.8241067], [7.3521302, 46.8239304], [7.3525627, 46.8239171], [7.3529605, 46.8238238], [7.3530937, 46.8235637], [7.3530929, 46.8234638], [7.3529955, 46.8229099], [7.352909, 46.8227075], [7.3530752, 46.8221998], [7.3538599, 46.8214281], [7.3539171, 46.82133], [7.3538989, 46.8211122], [7.3545504, 46.8206396], [7.3548516, 46.8201963], [7.3549368, 46.8201456], [7.3554318, 46.8200059], [7.3556669, 46.8200196], [7.357151, 46.8202414], [7.3575297, 46.8203548], [7.3579004, 46.8205464], [7.3582671, 46.8208023], [7.3587035, 46.8209679], [7.3595049, 46.8210429], [7.3600755, 46.8211514], [7.3602488, 46.8212202], [7.3606495, 46.8215014], [7.3610365, 46.8215338], [7.3613966, 46.8217805], [7.3624145, 46.8221993], [7.3625959, 46.8223561], [7.3626178, 46.8226048], [7.3626747, 46.8226584], [7.3631024, 46.8228496], [7.3634978, 46.8231403], [7.3635656, 46.8232608], [7.3635684, 46.8233641], [7.3635388, 46.823563], [7.3634597, 46.8236748], [7.3633298, 46.8237338], [7.3629956, 46.8237352], [7.362664, 46.8238015], [7.3626251, 46.8238969], [7.362473, 46.8239864], [7.3622408, 46.8240682], [7.3614938, 46.8241712], [7.3608606, 46.8240537], [7.3602843, 46.8240372], [7.3594101, 46.8236418], [7.3591179, 46.8236764], [7.3589827, 46.8237793], [7.3589113, 46.8239337], [7.3587672, 46.8240868], [7.3586338, 46.824376], [7.3586744, 46.8246041], [7.3584101, 46.8252054], [7.3583731, 46.8255426], [7.3585377, 46.8258168], [7.359311, 46.8264884], [7.3596139, 46.8266977], [7.3603278, 46.826963], [7.3612625, 46.8272344], [7.3614086, 46.8273074], [7.3617829, 46.8276183], [7.3621301, 46.8277816], [7.3625329, 46.8278377], [7.3628503, 46.8278208], [7.3635078, 46.8276358], [7.3640104, 46.8275636], [7.3641154, 46.8275254], [7.3643063, 46.8273743], [7.3644362, 46.8273342], [7.3649634, 46.82731], [7.3655959, 46.8271862], [7.3659437, 46.8271732], [7.3664233, 46.8273501], [7.3667434, 46.8273869], [7.3672074, 46.827591], [7.3676924, 46.8276739], [7.3680705, 46.8276883], [7.3688587, 46.8278576], [7.3694995, 46.8278571], [7.3696395, 46.8278811], [7.3698972, 46.8280018], [7.3699426, 46.8281304], [7.3700514, 46.8282405], [7.3704888, 46.828438], [7.3705945, 46.8285792], [7.3706541, 46.8288509], [7.3708663, 46.828931], [7.3712734, 46.8289139], [7.3715399, 46.8290366], [7.3719356, 46.8293886], [7.3721653, 46.8294978], [7.3724611, 46.8297097], [7.3725724, 46.8299794], [7.3725613, 46.8302356], [7.3727625, 46.830493], [7.3735182, 46.8306188], [7.373777, 46.8307594], [7.3738749, 46.8308998], [7.3739261, 46.8311067], [7.3739996, 46.832044], [7.3739208, 46.8322885], [7.3739153, 46.8324661], [7.3740699, 46.832705], [7.3740856, 46.8329982], [7.3741419, 46.8330923], [7.3741497, 46.8332431], [7.3739867, 46.8338902], [7.3739699, 46.834236], [7.3741419, 46.8346574], [7.3741323, 46.8348755], [7.3740195, 46.8351742], [7.3739989, 46.8353634], [7.3740626, 46.8356648], [7.3741378, 46.8358036], [7.3745075, 46.8360621]]}}, {"type": "Feature", "properties": {"name": "Emme", "typ": "haupt", "laenge_km": 3.9}, "geometry": {"type": "LineString", "coordinates": [[7.5573239, 47.0981313], [7.5546135, 47.0991715], [7.5506287, 47.1008238], [7.5499852, 47.1011531], [7.5498111, 47.1012992], [7.5490979, 47.1017557], [7.5486026, 47.1021344], [7.5482562, 47.10228], [7.5469058, 47.1030507], [7.5466453, 47.1031757], [7.5459621, 47.1033959], [7.545172, 47.1038472], [7.5428449, 47.1055239], [7.5371622, 47.1100135], [7.5367756, 47.1103491], [7.5357321, 47.1111356], [7.5349899, 47.1118479], [7.5344283, 47.1125504], [7.5339914, 47.1134888], [7.5338439, 47.1136393], [7.53377, 47.113888], [7.5337719, 47.1139641], [7.5338802, 47.1141069], [7.5339184, 47.114245], [7.5338179, 47.1150225], [7.5338157, 47.1155636], [7.5340766, 47.1166924], [7.5343526, 47.1171951], [7.5346684, 47.1175627], [7.5348901, 47.1182404], [7.5349544, 47.1185984], [7.5355153, 47.1199173], [7.5357105, 47.1201669], [7.5366654, 47.1211533], [7.537586, 47.1219802], [7.5384913, 47.1227261], [7.538664, 47.1230437], [7.5403511, 47.124695]]}}, {"type": "Feature", "properties": {"name": "Gantrischsense", "typ": "haupt", "laenge_km": 4.97}, "geometry": {"type": "MultiLineString", "coordinates": [[[7.4210605, 46.7205317], [7.4207145, 46.7205141], [7.420157, 46.7206896], [7.4197787, 46.7208732], [7.4193605, 46.7210297], [7.4191481, 46.7210755], [7.4189275, 46.721062], [7.4184973, 46.7211411], [7.4182707, 46.7211033], [7.4179742, 46.7211271], [7.4178399, 46.7211099], [7.4177508, 46.7210356], [7.4177105, 46.7209244], [7.4172462, 46.7207528], [7.4170322, 46.7204912], [7.4168917, 46.7204442], [7.4165818, 46.720427], [7.4163545, 46.7204986], [7.4161893, 46.7206882], [7.4160379, 46.7207659], [7.415829, 46.7208153], [7.4157917, 46.7209097], [7.4156, 46.7209875], [7.4154707, 46.7210271], [7.414967, 46.7210126], [7.4147601, 46.7210661], [7.4145783, 46.7210599], [7.4144825, 46.7210876], [7.4143358, 46.7212374], [7.4142703, 46.7213548], [7.4142639, 46.7214605], [7.4141498, 46.7215195], [7.4137415, 46.7214718], [7.4131995, 46.721153], [7.4129651, 46.721245], [7.4124105, 46.721059], [7.4120772, 46.721171], [7.4118065, 46.7214962], [7.4116037, 46.7215204], [7.41132, 46.7214464], [7.411242, 46.7214724], [7.4110661, 46.7216214], [7.4106864, 46.721621], [7.4096429, 46.7210768], [7.4093511, 46.720681], [7.4092239, 46.7205601], [7.4090973, 46.7205073], [7.4089003, 46.7205016], [7.4086911, 46.7205685], [7.4083937, 46.72084], [7.4081942, 46.7209589], [7.4080096, 46.7210013], [7.4078447, 46.7209775], [7.4077285, 46.7209516], [7.4076239, 46.7208865], [7.4074768, 46.7206102], [7.4071813, 46.7205146], [7.406935, 46.7204816], [7.4066322, 46.7205123], [7.406382, 46.7204998], [7.4059435, 46.7204311], [7.4054077, 46.7200907], [7.4052594, 46.7199636], [7.4048828, 46.7198312], [7.404756, 46.7197267], [7.4043672, 46.7195112], [7.4041, 46.7194731], [7.4036964, 46.7195348], [7.4032926, 46.7192829], [7.4031016, 46.7192673], [7.402878, 46.7192882], [7.4025079, 46.7192083], [7.4023169, 46.7192233], [7.4021195, 46.7191919], [7.401796, 46.7190353], [7.4016768, 46.7188272], [7.4016482, 46.7186888], [7.4014734, 46.7185752], [7.4011395, 46.7180871], [7.4010052, 46.7180189], [7.4006497, 46.7179303], [7.4003698, 46.717803], [7.400258, 46.717653], [7.4001429, 46.7175821], [7.39981, 46.7175085], [7.399398, 46.7175004], [7.3990486, 46.7174445], [7.3988804, 46.717377], [7.398691, 46.7171544], [7.3984288, 46.7170409], [7.3977475, 46.7170094], [7.3975064, 46.7169606], [7.3973726, 46.716885], [7.3972171, 46.7165637], [7.3968554, 46.7163454], [7.3964436, 46.7162721], [7.396096, 46.7160736], [7.3955742, 46.7158928], [7.3951289, 46.7157793], [7.3947972, 46.7155173], [7.3946855, 46.7155025], [7.3944944, 46.7155354], [7.3942577, 46.7154899]], [[7.4222347, 46.7205129], [7.4222376, 46.7205856], [7.4221787, 46.7206419], [7.4220961, 46.7206651], [7.4217676, 46.7206334], [7.4216406, 46.7205904], [7.4212837, 46.7206268], [7.4210605, 46.7205317]], [[7.4222347, 46.7205129], [7.4220138, 46.7204983], [7.4217803, 46.7203441], [7.4216995, 46.7203712], [7.4215401, 46.7205055], [7.4210605, 46.7205317]], [[7.4299716, 46.7203567], [7.4295655, 46.7202504], [7.4291027, 46.7202156], [7.4288925, 46.7201322], [7.4286761, 46.720151], [7.428041, 46.7200714], [7.4275911, 46.7200469], [7.4270769, 46.7201054], [7.4268919, 46.7202101], [7.4267542, 46.7202454], [7.4266513, 46.7202435], [7.426267, 46.7201364], [7.4258767, 46.7201233], [7.4256273, 46.7201838], [7.4253016, 46.7201309], [7.4249503, 46.7202314], [7.4246771, 46.7202163], [7.4242511, 46.7203479], [7.423864, 46.7203505], [7.4236825, 46.7203029], [7.4234758, 46.7204249], [7.423387, 46.7204197], [7.4231366, 46.7202941], [7.4226563, 46.7202477], [7.422451, 46.7202936], [7.4224004, 46.7204159], [7.4222347, 46.7205129]], [[7.4307216, 46.7205242], [7.4306003, 46.7204724], [7.4304838, 46.7205075], [7.4303082, 46.7204993], [7.4301562, 46.7203805], [7.4299716, 46.7203567]], [[7.4398278, 46.7124818], [7.439796, 46.7126741], [7.4396206, 46.7128039], [7.4396248, 46.712939], [7.4393463, 46.7135867], [7.4392825, 46.7138989], [7.439214, 46.714028], [7.4392373, 46.7141182], [7.4391715, 46.7142118], [7.4392136, 46.7147054], [7.4391989, 46.7151906], [7.4392687, 46.7153358], [7.439278, 46.7155469], [7.4393973, 46.7156624], [7.4394484, 46.7158623], [7.4395395, 46.7159791], [7.4394631, 46.7160938], [7.4394946, 46.7162788], [7.4394346, 46.7165188], [7.4394361, 46.7167469], [7.4393638, 46.7169299], [7.4393812, 46.7170852], [7.439186, 46.7172966], [7.4390967, 46.7175171], [7.4388265, 46.7174576], [7.4386572, 46.7175358], [7.4385453, 46.7176435], [7.4382313, 46.7177386], [7.4380885, 46.7177371], [7.437862, 46.7176714], [7.437573, 46.7176522], [7.4373071, 46.7177463], [7.4372501, 46.7178107], [7.4365423, 46.7179414], [7.4362684, 46.7180872], [7.4361238, 46.7180829], [7.4359596, 46.7181541], [7.4356842, 46.7180962], [7.4355044, 46.7180976], [7.4347919, 46.7181454], [7.4343853, 46.7182544], [7.4341689, 46.7183711], [7.4338641, 46.7186414], [7.433482, 46.7189002], [7.433193, 46.7191645], [7.4329796, 46.7191565], [7.4327679, 46.7192028], [7.4325667, 46.7193128], [7.4325178, 46.7194658], [7.432231, 46.7196129], [7.431868, 46.7196719], [7.4315311, 46.7196283], [7.4314032, 46.7197146], [7.431371, 46.7198733], [7.4312473, 46.7199345], [7.4311453, 46.7201278], [7.4309689, 46.7201611], [7.4309222, 46.7202052], [7.4307582, 46.7202552], [7.43044, 46.7202132], [7.4303067, 46.7202325], [7.4301602, 46.7203205], [7.4299716, 46.7203567]]]}}, {"type": "Feature", "properties": {"name": "Gaselbach", "typ": "neben", "laenge_km": 6.57}, "geometry": {"type": "LineString", "coordinates": [[7.4396731, 46.8926873], [7.4392535, 46.8928487], [7.43889, 46.8930352], [7.4384404, 46.8931353], [7.4380537, 46.8931342], [7.4376824, 46.8933922], [7.437292, 46.8934609], [7.437264, 46.8935222], [7.4367292, 46.8937402], [7.4365617, 46.893901], [7.435743, 46.8940811], [7.4353887, 46.8940956], [7.4335144, 46.8939162], [7.4332593, 46.8938528], [7.4324233, 46.89351], [7.4320347, 46.8932783], [7.4315304, 46.8931695], [7.4312251, 46.8929967], [7.4307421, 46.8929449], [7.4303065, 46.8926911], [7.4301035, 46.89269], [7.4299636, 46.892638], [7.4297679, 46.8924773], [7.4293172, 46.8924602], [7.4290184, 46.8923244], [7.4287639, 46.8922499], [7.4284986, 46.8922512], [7.4283651, 46.8922907], [7.4281627, 46.8922437], [7.4278514, 46.8922395], [7.427816, 46.8921804], [7.4278732, 46.8920213], [7.4278322, 46.891973], [7.4277294, 46.8919368], [7.4274854, 46.8919385], [7.427296, 46.8918939], [7.4272231, 46.8919085], [7.4272228, 46.89209], [7.4271869, 46.8921271], [7.4270425, 46.8920192], [7.4269691, 46.8920042], [7.4266856, 46.892057], [7.4260926, 46.8920998], [7.4256415, 46.8919665], [7.4254059, 46.8920574], [7.4249315, 46.892131], [7.4246863, 46.8922388], [7.4244222, 46.8927242], [7.4242648, 46.8929299], [7.4241735, 46.892951], [7.4237522, 46.8928539], [7.4230183, 46.8926011], [7.4223525, 46.8925148], [7.4221137, 46.8925671], [7.4217982, 46.8925122], [7.4215875, 46.8924234], [7.4214201, 46.8924099], [7.4212597, 46.8923413], [7.4209761, 46.8920422], [7.4204648, 46.8919775], [7.4202157, 46.8921], [7.4198678, 46.8921686], [7.419734, 46.8921607], [7.419407, 46.8920716], [7.4187462, 46.8921037], [7.4180841, 46.8921868], [7.4178388, 46.892452], [7.417759, 46.8924861], [7.417303, 46.8925496], [7.4167454, 46.8924488], [7.416667, 46.8923815], [7.4165277, 46.8923741], [7.4160041, 46.8925152], [7.4155052, 46.8925411], [7.4151795, 46.8926158], [7.4148155, 46.8926559], [7.4146473, 46.8926906], [7.4145343, 46.892754], [7.4143431, 46.892764], [7.4140895, 46.8928271], [7.4136303, 46.8930405], [7.412942, 46.8932764], [7.4127621, 46.8930117], [7.4121275, 46.89317], [7.4099548, 46.8937933], [7.4080036, 46.8942779], [7.4073311, 46.8945782], [7.4071941, 46.8946736], [7.4046901, 46.8959408], [7.404607, 46.8959204], [7.4041554, 46.8956432], [7.4034552, 46.8959591], [7.4013816, 46.8964401], [7.4002044, 46.8965917], [7.3993458, 46.8961621], [7.3986935, 46.8959432], [7.3984759, 46.8959109], [7.398356, 46.8959804], [7.3982731, 46.8965835], [7.3982131, 46.8966441], [7.3978845, 46.8967511], [7.3963591, 46.8967129], [7.3958763, 46.8970767], [7.3956671, 46.8971171], [7.3943776, 46.8970808], [7.3929536, 46.8972167], [7.3921452, 46.8973243], [7.391946, 46.8969235], [7.3919034, 46.8969119], [7.3893654, 46.897418], [7.388355, 46.8974805], [7.3864688, 46.8974076], [7.385605, 46.897466], [7.3851396, 46.8972451], [7.3838187, 46.8971115], [7.3833869, 46.8972574], [7.3833236, 46.8972431], [7.3830871, 46.8972794], [7.3823506, 46.8972284], [7.3807102, 46.8966677], [7.3800321, 46.8963564], [7.3793868, 46.8961468], [7.3789445, 46.8959096], [7.3784669, 46.8957114], [7.3782255, 46.8955391], [7.3781847, 46.8954302], [7.3781064, 46.8953562], [7.3781473, 46.8952676], [7.3776695, 46.8950202], [7.377667, 46.8949148], [7.3774974, 46.8947236], [7.3774973, 46.8946331], [7.377321, 46.894507], [7.3772747, 46.8943618], [7.377209, 46.8943103], [7.3772612, 46.8942004], [7.3771148, 46.893747], [7.3771754, 46.8932303], [7.3769469, 46.8921723], [7.3766451, 46.8916553], [7.3766106, 46.8914902], [7.3767511, 46.8911222], [7.3769916, 46.8906632], [7.3771087, 46.890204], [7.3773742, 46.8896439], [7.3773965, 46.8891133], [7.3774492, 46.8888266], [7.3774305, 46.8886549], [7.3773453, 46.8883605], [7.3772548, 46.8882674], [7.3770666, 46.8881372], [7.3767021, 46.8880342], [7.3767626, 46.8878496], [7.3765014, 46.8874808], [7.3763246, 46.8873303], [7.3763294, 46.8872199], [7.3762198, 46.8869362], [7.3757936, 46.8863973], [7.3756445, 46.8860404]]}}, {"type": "Feature", "properties": {"name": "Giesse", "typ": "neben", "laenge_km": 9.11}, "geometry": {"type": "MultiLineString", "coordinates": [[[7.4931484, 46.921252], [7.4923992, 46.921791], [7.4922328, 46.9218738], [7.491445, 46.9222176], [7.4885232, 46.923386], [7.4882738, 46.9234751], [7.4877574, 46.9235276], [7.4863674, 46.9240718], [7.4859996, 46.9241509], [7.4857876, 46.9242464], [7.4851336, 46.9244227], [7.4847325, 46.9245787], [7.4840039, 46.9246858], [7.4834725, 46.9246579], [7.4830211, 46.9244879], [7.4826695, 46.9241539], [7.4825738, 46.9239918], [7.4824133, 46.9238616], [7.4822793, 46.9235541], [7.4820134, 46.9232049], [7.4818729, 46.9230989], [7.4818327, 46.9229753], [7.4812298, 46.9225546], [7.4811981, 46.9224769], [7.4812104, 46.9223983], [7.4813012, 46.9223564], [7.4815022, 46.922403], [7.4819164, 46.9226976], [7.4821265, 46.9229574], [7.4822102, 46.922974], [7.4822948, 46.9229271], [7.4823886, 46.9225717], [7.4824039, 46.9224738], [7.4823377, 46.9223811], [7.4820581, 46.9222761], [7.4818671, 46.9221049], [7.4817414, 46.9220482], [7.4816066, 46.9220751], [7.4814627, 46.9221815], [7.4813624, 46.922215], [7.481148, 46.9222194], [7.480983, 46.9222832], [7.4806672, 46.9222827], [7.4804663, 46.9222553], [7.4798562, 46.9220108]], [[7.4959535, 46.9200928], [7.4956236, 46.919675], [7.4944028, 46.9201925], [7.4935714, 46.9206862], [7.49341, 46.9208591], [7.4931484, 46.921252]], [[7.4959535, 46.9200928], [7.4959119, 46.9201231], [7.4959068, 46.9202611], [7.4957389, 46.920305], [7.4956749, 46.920389], [7.4955356, 46.9204202], [7.4954327, 46.9205535], [7.4950043, 46.9206094], [7.4947376, 46.9207876], [7.4944483, 46.9207275], [7.4939592, 46.9209337], [7.493507, 46.9211738], [7.4931484, 46.921252]], [[7.5127649, 46.9080363], [7.5125581, 46.9081638], [7.5123485, 46.9081677], [7.5121315, 46.9083464], [7.5116675, 46.9085577], [7.5113295, 46.908827], [7.5110225, 46.9090207], [7.5105755, 46.9094456], [7.5103889, 46.9095044], [7.5102348, 46.9094571], [7.5101568, 46.9094688], [7.5100051, 46.9095799], [7.5098626, 46.9097713], [7.5097186, 46.9098671], [7.5093437, 46.9099658], [7.5089809, 46.9101399], [7.5086026, 46.9102099], [7.5083188, 46.91032], [7.5079714, 46.9105133], [7.5075704, 46.9108334], [7.5067332, 46.9110681], [7.5065186, 46.9110972], [7.5057381, 46.9111136], [7.5051396, 46.9110925], [7.5048375, 46.9111303], [7.5045734, 46.9113202], [7.5044039, 46.9115398], [7.5041806, 46.9119489], [7.5040459, 46.9120767], [7.50379, 46.9121287], [7.5035426, 46.9122561], [7.5032103, 46.9123075], [7.5029601, 46.9124399], [7.5026946, 46.9125267], [7.5024567, 46.9127736], [7.5021807, 46.913404], [7.5023267, 46.9137792], [7.5022627, 46.9140433], [7.5023095, 46.9142623], [7.5023008, 46.9148187], [7.5023485, 46.9150974], [7.5024449, 46.915223], [7.5024382, 46.9152693], [7.5023083, 46.9153956], [7.502367, 46.915686], [7.5022805, 46.9158062], [7.5017978, 46.9161453], [7.5017207, 46.916274], [7.5013402, 46.9165611], [7.5012226, 46.9168533], [7.5012068, 46.9171488], [7.5010355, 46.9174269], [7.5008027, 46.9175879], [7.4998779, 46.9179158], [7.4997517, 46.9180568], [7.4995278, 46.9184735], [7.499152, 46.9187442], [7.4959535, 46.9200928]], [[7.5141575, 46.9071413], [7.5139637, 46.9071683], [7.5136615, 46.9072758], [7.512959, 46.9076702], [7.51269, 46.9079202], [7.5127649, 46.9080363]], [[7.5141575, 46.9071413], [7.5141683, 46.9072149], [7.5141309, 46.9072616], [7.5135686, 46.9076718], [7.5132859, 46.9077169], [7.5127649, 46.9080363]], [[7.5275628, 46.8946975], [7.5274675, 46.8947394], [7.527376, 46.8948309], [7.5272374, 46.8950004], [7.5271571, 46.8951699], [7.5271103, 46.8954232], [7.5272273, 46.8956421], [7.5271415, 46.8958287], [7.5269751, 46.8959907], [7.5264951, 46.8962976], [7.5263453, 46.89645], [7.5261455, 46.8965168], [7.5258652, 46.8967055], [7.5254597, 46.8967534], [7.5250431, 46.8967538], [7.5249459, 46.8967805], [7.5242825, 46.897078], [7.5238792, 46.8971895], [7.5236697, 46.8973784], [7.5235454, 46.8975966], [7.5235273, 46.8980032], [7.5235681, 46.8981418], [7.523718, 46.8982422], [7.5237456, 46.8983176], [7.5237022, 46.898393], [7.5235345, 46.8984703], [7.5234098, 46.8985843], [7.523137, 46.899058], [7.5229392, 46.9002], [7.5228395, 46.9004152], [7.5228976, 46.9005943], [7.5227202, 46.9008053], [7.5227539, 46.9009274], [7.5222798, 46.9010235], [7.5217955, 46.9013015], [7.5213806, 46.9014937], [7.5210599, 46.9017907], [7.5209964, 46.9022746], [7.5211401, 46.9024859], [7.5212729, 46.9025734], [7.5212789, 46.9026907], [7.5211332, 46.9030625], [7.5210202, 46.9031002], [7.520848, 46.9032955], [7.5205562, 46.9034698], [7.5204098, 46.903653], [7.5203866, 46.9037292], [7.5204727, 46.9038797], [7.5202568, 46.9040026], [7.5202073, 46.9041382], [7.5201057, 46.9041721], [7.5196488, 46.9041908], [7.51939, 46.904249], [7.5189574, 46.9041674], [7.5188894, 46.9042138], [7.5187858, 46.9044271], [7.5186135, 46.9045574], [7.5182398, 46.9047126], [7.5178185, 46.9047824], [7.5175612, 46.9048943], [7.5169263, 46.9050965], [7.5166597, 46.9052595], [7.5161765, 46.9056761], [7.5160776, 46.9058576], [7.5160726, 46.9059972], [7.5163061, 46.906157], [7.5163696, 46.9062376], [7.5163738, 46.9063724], [7.5162971, 46.9064763], [7.5163462, 46.9066491], [7.5161436, 46.9066664], [7.516015, 46.9068443], [7.5159007, 46.9068957], [7.5158056, 46.9068198], [7.5157339, 46.9065464], [7.5155939, 46.9065085], [7.5154638, 46.9064041], [7.5150546, 46.9064608], [7.5147867, 46.9065431], [7.5146851, 46.9066181], [7.5145522, 46.9067729], [7.5142629, 46.906992], [7.5141575, 46.9071413]], [[7.5275628, 46.8946975], [7.5275626, 46.8945871], [7.5276596, 46.8944766], [7.5278706, 46.8944212], [7.5282734, 46.8944247], [7.5285012, 46.894455], [7.5285261, 46.8946387]], [[7.5285261, 46.8946387], [7.5276877, 46.8946708], [7.5275628, 46.8946975]], [[7.5355515, 46.8778559], [7.5356624, 46.8779864], [7.5359376, 46.8785384], [7.5362317, 46.8790159], [7.5366447, 46.8794049], [7.5368983, 46.8800155], [7.5373368, 46.8806839], [7.5375254, 46.8813192], [7.5375157, 46.881681], [7.537443, 46.8818072], [7.536989, 46.8821955], [7.5369406, 46.8823384], [7.5369552, 46.8827001], [7.5370251, 46.882969], [7.5369976, 46.8830928], [7.5365549, 46.8839904], [7.5359176, 46.8848145], [7.535963, 46.8849477], [7.5361612, 46.8851736], [7.5361965, 46.8854664], [7.5364956, 46.8857945], [7.5366319, 46.8862776], [7.5359416, 46.8865875], [7.5353272, 46.8866142], [7.5349803, 46.8867169], [7.5348034, 46.8868408], [7.5345896, 46.887643], [7.5345729, 46.8880072], [7.5346422, 46.8883051], [7.534579, 46.8887221], [7.5344444, 46.8892113], [7.5344425, 46.8894839], [7.5343733, 46.8896096], [7.5342819, 46.8897449], [7.5339213, 46.890006], [7.5336522, 46.8901529], [7.5331082, 46.8903647], [7.5322786, 46.8912304], [7.5319772, 46.8916432], [7.5318139, 46.8919613], [7.5316137, 46.8921696], [7.5315753, 46.8924933], [7.5314758, 46.8927409], [7.5310547, 46.8933943], [7.5303445, 46.8938633], [7.5300838, 46.8940996], [7.5293846, 46.8945609], [7.5292486, 46.8946162], [7.5289764, 46.8946393], [7.5285261, 46.8946387]]]}}, {"type": "Feature", "properties": {"name": "Giesse", "typ": "haupt", "laenge_km": 3.47}, "geometry": {"type": "LineString", "coordinates": [[7.5461248, 46.8816586], [7.5455711, 46.8825866], [7.5449837, 46.8832687], [7.5444875, 46.8837014], [7.5443989, 46.8838786], [7.5443753, 46.8845507], [7.5445869, 46.8848704], [7.5452577, 46.8856028], [7.5453248, 46.8858769], [7.5452059, 46.886115], [7.5445436, 46.8868677], [7.5442385, 46.8870527], [7.5440196, 46.8872947], [7.5432857, 46.8883464], [7.5426537, 46.8889905], [7.5424817, 46.8891239], [7.5421908, 46.8894574], [7.5418859, 46.8896909], [7.5412006, 46.8900609], [7.5411216, 46.8902035], [7.5402798, 46.8907434], [7.5397607, 46.8908904], [7.539092, 46.8912223], [7.5388007, 46.8914377], [7.5369513, 46.8931243], [7.5363718, 46.8937265], [7.5357014, 46.8946734], [7.535286, 46.8954067], [7.5350144, 46.895744], [7.5345542, 46.8962165], [7.534507, 46.8962547], [7.5340955, 46.8963707], [7.5331352, 46.8964538], [7.5328798, 46.8965054], [7.5323879, 46.896729], [7.5323842, 46.8968117], [7.5325024, 46.8969278], [7.5325086, 46.8970172], [7.532408, 46.8971718], [7.5323579, 46.8973784], [7.5322277, 46.8976142], [7.5321062, 46.8977479], [7.5320797, 46.8978494], [7.5320994, 46.8981754], [7.5322191, 46.8986063], [7.5321979, 46.8987783], [7.5321198, 46.8989168], [7.5320504, 46.89925], [7.5317645, 46.8994966], [7.5318473, 46.899564], [7.5321059, 46.8996186], [7.5321915, 46.8997812], [7.5321772, 46.9000292], [7.5319329, 46.9004461], [7.5316579, 46.9007066], [7.5315647, 46.9009381], [7.5315097, 46.9009872], [7.5312919, 46.9010541], [7.530998, 46.9012114], [7.5309156, 46.9015875], [7.5308645, 46.9016623], [7.5302413, 46.902155], [7.5301503, 46.9021968], [7.5297926, 46.9022159], [7.5295574, 46.9022678], [7.5293542, 46.9023754], [7.5292236, 46.9025489], [7.5286358, 46.9027486], [7.5284656, 46.9029278], [7.5282135, 46.9030876], [7.5278197, 46.903137], [7.5275331, 46.9030548], [7.5273568, 46.9030718], [7.5269579, 46.9032474], [7.526197, 46.9034269], [7.5258411, 46.9036675], [7.5250464, 46.9037589], [7.5243751, 46.9040002], [7.5229616, 46.9040675]]}}, {"type": "Feature", "properties": {"name": "Goldbach", "typ": "neben", "laenge_km": 5.25}, "geometry": {"type": "LineString", "coordinates": [[7.6487451, 46.9484189], [7.6486722, 46.9485572], [7.6485639, 46.9491665], [7.6487126, 46.9495356], [7.6488124, 46.9496482], [7.6488091, 46.949851], [7.6496226, 46.9505772], [7.6498891, 46.9507409], [7.6504861, 46.951198], [7.6509438, 46.9513715], [7.6517011, 46.9517193], [7.6519229, 46.9517713], [7.6522545, 46.9519004], [7.6527624, 46.9520119], [7.6529686, 46.9520859], [7.6533002, 46.9522179], [7.6541569, 46.95264], [7.6547869, 46.9528673], [7.6555921, 46.9531045], [7.656401, 46.9530895], [7.6568082, 46.9531245], [7.6578455, 46.953314], [7.6586158, 46.9535139], [7.6588195, 46.9534923], [7.6593117, 46.9533526], [7.6595873, 46.9533351], [7.6597952, 46.9533874], [7.6609872, 46.9538678], [7.661651, 46.9540236], [7.6622362, 46.9543294], [7.6624911, 46.9544275], [7.662604, 46.9545072], [7.6626679, 46.9546042], [7.6626419, 46.9547128], [7.6627282, 46.9548623], [7.6632644, 46.9554305], [7.6634513, 46.9555739], [7.6644992, 46.9561436], [7.6650968, 46.9564004], [7.6653721, 46.9564085], [7.6659123, 46.9565788], [7.6665533, 46.9569145], [7.6684635, 46.9577831], [7.6690727, 46.9581617], [7.6695701, 46.9583873], [7.671669, 46.9591894], [7.672897, 46.9595772], [7.6740742, 46.9598917], [7.6766016, 46.9618712], [7.6779264, 46.9630299], [7.6793872, 46.9644354], [7.6811313, 46.9657512], [7.681287, 46.9660441], [7.681555, 46.9668813], [7.6818651, 46.9681077], [7.6820582, 46.9692301], [7.6822613, 46.9697308], [7.6825407, 46.9701799], [7.6831104, 46.9704727], [7.6841485, 46.9708728], [7.6844895, 46.971051], [7.685063, 46.9712923], [7.6854478, 46.971436], [7.685711, 46.9714707], [7.685911, 46.9717742], [7.6865127, 46.9721875], [7.6869862, 46.9723009], [7.6873444, 46.9725767], [7.6875404, 46.9727737], [7.6879532, 46.973384], [7.6881019, 46.9735164], [7.6885437, 46.9743109], [7.689232, 46.9749162], [7.6892625, 46.9751093], [7.6895199, 46.9753756], [7.689694, 46.975699], [7.6902295, 46.9763195], [7.6903189, 46.9765567], [7.6904166, 46.9766232], [7.6904346, 46.9767854], [7.6901639, 46.976913], [7.690158, 46.9771183], [7.6904145, 46.9775366], [7.6905895, 46.9780674], [7.6910766, 46.9787194], [7.6914355, 46.9796348], [7.6918528, 46.9802194]]}}, {"type": "Feature", "properties": {"name": "Gäbelbach", "typ": "neben", "laenge_km": 16.46}, "geometry": {"type": "MultiLineString", "coordinates": [[[7.2983761, 46.9124604], [7.2972065, 46.9126542], [7.2965819, 46.9128079], [7.2962988, 46.9129015], [7.2960558, 46.9130754], [7.2955722, 46.913638], [7.2955697, 46.9137169], [7.2961014, 46.9144881], [7.2963072, 46.9145878], [7.2973083, 46.9148586], [7.3019693, 46.9159658], [7.3031149, 46.9162693], [7.3036481, 46.9164668], [7.3048835, 46.9170255], [7.3063569, 46.9181935]], [[7.3005315, 46.9354925], [7.3013576, 46.9357692]], [[7.3013576, 46.9357692], [7.3012653, 46.936233], [7.3012784, 46.936546], [7.3039134, 46.9381056], [7.3041399, 46.9381598], [7.3049948, 46.9389785], [7.3052391, 46.9392889], [7.3054802, 46.9396992], [7.306691, 46.939921], [7.3067979, 46.9401202], [7.3067969, 46.9403482], [7.3068589, 46.9403851], [7.3074181, 46.9405728], [7.3098636, 46.9415075], [7.3106488, 46.9414994], [7.3116383, 46.9416637], [7.3136986, 46.9418089], [7.3147387, 46.9424069], [7.3149206, 46.9424722], [7.315074, 46.9424528], [7.315167, 46.9424893], [7.3153045, 46.9424713], [7.3155739, 46.9423666], [7.3157869, 46.9423682], [7.3161573, 46.9422635], [7.3162119, 46.9422848], [7.316494, 46.9422485], [7.3166441, 46.9422753], [7.3169833, 46.9422547], [7.3176362, 46.9424382], [7.3180615, 46.9424291], [7.318167, 46.9424978], [7.3183144, 46.9424751], [7.3185422, 46.9425363], [7.3188674, 46.942569], [7.319076, 46.9425235], [7.3193816, 46.9426457], [7.3196039, 46.9426554], [7.3198818, 46.9427414], [7.3207045, 46.9428013], [7.3208629, 46.9428624], [7.321591, 46.9429602], [7.3218439, 46.943029], [7.3220496, 46.9430274], [7.3221106, 46.9430712], [7.3222802, 46.9430733], [7.3224386, 46.9431382], [7.3231475, 46.9431256], [7.3232614, 46.9431504], [7.3236522, 46.9431551], [7.3247428, 46.943288], [7.3247842, 46.9433277], [7.3247597, 46.9434045], [7.3248654, 46.9434437], [7.3249259, 46.9435866], [7.3249854, 46.9436052], [7.3250375, 46.9437066], [7.325246, 46.9438801], [7.3253844, 46.9439312], [7.325597, 46.9442136], [7.325827, 46.9443501], [7.3261547, 46.9446317], [7.3262341, 46.9449119], [7.326182, 46.9450717], [7.3261993, 46.9451826], [7.3265553, 46.9453439], [7.3268879, 46.9456155], [7.3276519, 46.9460909], [7.3281668, 46.9463273], [7.3283569, 46.9463763], [7.3294036, 46.946492], [7.3294773, 46.9463047], [7.3296766, 46.9461302], [7.3298766, 46.9461347], [7.3309478, 46.9463324], [7.3314375, 46.9462415], [7.3319329, 46.9461042], [7.3321873, 46.9460755], [7.3325679, 46.9460702], [7.3328101, 46.9460973], [7.3329516, 46.9460773], [7.333107, 46.9461081], [7.333361, 46.9460896], [7.3333091, 46.946227], [7.3333283, 46.9462874], [7.3336644, 46.9462334], [7.3339248, 46.9462944], [7.3340748, 46.9461732], [7.3342416, 46.9462296], [7.3344732, 46.9461279], [7.3346426, 46.9461567], [7.3355996, 46.9459958], [7.3364838, 46.946093], [7.3367454, 46.946238], [7.3370834, 46.9463187], [7.3372378, 46.9462961], [7.3377247, 46.9463314], [7.3378832, 46.9463094], [7.3380418, 46.9462031], [7.338226, 46.9461937], [7.3382887, 46.9461319], [7.3383895, 46.9461011], [7.3385528, 46.946125], [7.3391576, 46.9460732], [7.3398249, 46.9460595], [7.3403181, 46.9461765], [7.3406899, 46.9462245], [7.3408116, 46.9462103], [7.341142, 46.9460797], [7.3416076, 46.9460848], [7.3421564, 46.9462471], [7.342365, 46.9462211], [7.3426154, 46.9461404], [7.3429106, 46.9462168], [7.3430254, 46.9461527], [7.3431228, 46.9461408], [7.3433486, 46.9461506], [7.343943, 46.946082], [7.34444, 46.9460587], [7.34477, 46.946147], [7.3450828, 46.9461639], [7.3451975, 46.9461354], [7.3454476, 46.946207], [7.346344, 46.9463292], [7.3464344, 46.946353], [7.3465731, 46.9464817], [7.3466357, 46.9465008], [7.3469797, 46.9464796], [7.3471186, 46.9465606], [7.3472557, 46.9465815], [7.3473507, 46.9465724], [7.3475428, 46.9464563], [7.347727, 46.9464755], [7.3478624, 46.946547], [7.3480257, 46.946578], [7.3481369, 46.9465591], [7.3482899, 46.9464807], [7.3484428, 46.9465331], [7.348707, 46.9464501], [7.3489017, 46.9464383], [7.3489849, 46.9465455], [7.3491655, 46.9466218], [7.3493077, 46.9467885], [7.3496724, 46.9468983], [7.3498285, 46.9471031], [7.3499361, 46.9471722], [7.3504122, 46.9472035], [7.3507285, 46.9471418], [7.3508884, 46.9471539], [7.3512113, 46.947335], [7.3514056, 46.9475232], [7.3517112, 46.9476543], [7.3518259, 46.9476568], [7.3522675, 46.9475286], [7.3524098, 46.9476096], [7.3526322, 46.947636], [7.3528232, 46.9477265], [7.3531906, 46.9476133], [7.3532879, 46.9476115], [7.3537073, 46.9478917], [7.3538879, 46.9479489], [7.3543161, 46.947915], [7.3544859, 46.9477704], [7.3545527, 46.9477647], [7.3547138, 46.9478258], [7.3549782, 46.9476794], [7.3553037, 46.9475806], [7.35601, 46.9474878], [7.3561517, 46.9475431], [7.3562184, 46.9475394], [7.3565523, 46.9473911], [7.356825, 46.9474883], [7.3569896, 46.9474942], [7.3571009, 46.9474323], [7.3571547, 46.9472267], [7.3572379, 46.947217], [7.3573863, 46.947253], [7.357708, 46.9474116], [7.3578826, 46.9473922], [7.357929, 46.9473383], [7.3578971, 46.9470683], [7.3579499, 46.9470587], [7.3582165, 46.9471669], [7.3583565, 46.9471539], [7.3584635, 46.9470288], [7.3584832, 46.9469024], [7.3585742, 46.9468358], [7.3586486, 46.9467013], [7.3588451, 46.9465949], [7.3588769, 46.9464716], [7.3589397, 46.9464303], [7.3591888, 46.9463175], [7.3593433, 46.9463376], [7.3594264, 46.9463168], [7.3595235, 46.946236], [7.3597409, 46.9462575], [7.3598199, 46.9462225], [7.3598658, 46.946066], [7.3599626, 46.9459472], [7.3603462, 46.9459019], [7.3604906, 46.945941], [7.3606639, 46.9460811], [7.3607433, 46.9461014], [7.3609827, 46.9460628], [7.3613241, 46.9461029], [7.3616449, 46.9461036], [7.3620019, 46.9460157], [7.3620711, 46.9460455], [7.3622039, 46.9462016], [7.3623096, 46.9462297], [7.3625758, 46.9462479], [7.3630625, 46.946128], [7.3631864, 46.9461245], [7.3633876, 46.9461603], [7.3635327, 46.9463321], [7.3636608, 46.9463665], [7.3639105, 46.9463405], [7.3641557, 46.9462561], [7.3644812, 46.9463546], [7.3650171, 46.9463105], [7.3651714, 46.9463211], [7.3658166, 46.9465925], [7.3659467, 46.9466111], [7.3660792, 46.9466015], [7.3665275, 46.9463848], [7.3666254, 46.9464099], [7.3666969, 46.9465238], [7.3668345, 46.9465662], [7.3670504, 46.9464817], [7.3677513, 46.9464748], [7.3679588, 46.9465422], [7.3684057, 46.9465567], [7.3684424, 46.9465818], [7.3683146, 46.9469835], [7.3683859, 46.9470338], [7.3687208, 46.9469949], [7.3691903, 46.9470773], [7.3696134, 46.9471946], [7.3702178, 46.9470585], [7.3703092, 46.9470614], [7.3704191, 46.9471069], [7.3706525, 46.9474522], [7.3710656, 46.9475964], [7.3714056, 46.9477676], [7.3715713, 46.9479898], [7.3726459, 46.9491462], [7.3738991, 46.9499119], [7.3746894, 46.9503361], [7.3748771, 46.9504809], [7.3749774, 46.9506244], [7.3750588, 46.9506605], [7.3753189, 46.9506866], [7.3756167, 46.9509179], [7.3758823, 46.9511999], [7.3758374, 46.9515321], [7.3759513, 46.9516388], [7.3760206, 46.9518007], [7.3761983, 46.9520407], [7.3762844, 46.9520998], [7.3765179, 46.9521761], [7.3769486, 46.9524428], [7.3771126, 46.9524582], [7.37763, 46.9522662], [7.3777023, 46.9522928], [7.3777882, 46.9524947], [7.3783608, 46.9527463], [7.3783579, 46.9527958], [7.3781631, 46.9529328], [7.3781184, 46.9531308], [7.3780572, 46.9532012], [7.3780902, 46.9534849], [7.3780121, 46.9536772], [7.3780176, 46.9537591], [7.37854, 46.954104], [7.378651, 46.9542297], [7.3785841, 46.9544239], [7.3784118, 46.954531], [7.3784691, 46.9545838], [7.3786583, 46.9546566], [7.3788976, 46.9548608], [7.3789953, 46.9548932], [7.3792078, 46.9549047], [7.3792643, 46.9549671], [7.3792018, 46.9553272], [7.3793795, 46.9555805], [7.3792098, 46.9556604], [7.3791568, 46.9557289], [7.3793038, 46.956125], [7.3795039, 46.9561804], [7.3799072, 46.9561558], [7.3799683, 46.9561787], [7.3802156, 46.9563692], [7.3802711, 46.9564702], [7.3802737, 46.956592], [7.3802152, 46.9567215], [7.3802594, 46.9569442], [7.3803178, 46.957009], [7.3805929, 46.957131], [7.3807457, 46.9572682], [7.3810848, 46.9574378], [7.3813935, 46.9574513], [7.3814518, 46.9575084], [7.3814239, 46.9575846], [7.3812207, 46.9577463], [7.3812206, 46.9578529], [7.3812789, 46.9579501], [7.3815707, 46.9581387], [7.3816567, 46.9583063], [7.3817317, 46.9583463], [7.3827606, 46.9584554], [7.38278, 46.9584916], [7.382702, 46.9585658], [7.3827186, 46.9587086], [7.3827713, 46.9587733], [7.3828603, 46.9588058], [7.3830132, 46.958823], [7.3833275, 46.9587698], [7.383511, 46.958827], [7.3834984, 46.958892], [7.3830175, 46.9590808], [7.3828724, 46.9592358], [7.3828305, 46.9593743], [7.38292, 46.9595157], [7.3829033, 46.9595686], [7.3825941, 46.9596098], [7.3825382, 46.959656], [7.3824729, 46.9598644], [7.3823391, 46.9599695], [7.3819353, 46.9605481], [7.3818585, 46.9606003], [7.3817985, 46.9607401], [7.3815502, 46.9609806], [7.3809877, 46.9611295], [7.3806889, 46.9613331], [7.3804841, 46.9613903], [7.3802326, 46.9615684], [7.3798176, 46.961692], [7.3797024, 46.9617845], [7.3796358, 46.9619202], [7.3792899, 46.961866], [7.3791138, 46.961786]], [[7.3063569, 46.9181935], [7.3062572, 46.9183503], [7.3059407, 46.9192221], [7.3057071, 46.9194358], [7.3054064, 46.9195836], [7.3048587, 46.9196696], [7.3018961, 46.9199765], [7.300898, 46.9201486], [7.3000313, 46.9200276], [7.299431, 46.9200079], [7.2981718, 46.9201316], [7.2973963, 46.9201454], [7.2966525, 46.9201156], [7.2955204, 46.9202895], [7.2951, 46.920283], [7.2949095, 46.9203243], [7.294702, 46.9205806], [7.2944687, 46.9209762], [7.2946468, 46.9213987], [7.2948924, 46.9217504], [7.2954021, 46.9221928], [7.2954503, 46.9223078], [7.295321, 46.9225137], [7.2944064, 46.9234795], [7.2943227, 46.9236249], [7.2943179, 46.9237466], [7.2944665, 46.923996], [7.2948956, 46.9245129], [7.2954079, 46.9250539], [7.2957593, 46.9252869], [7.2963849, 46.9259066], [7.2968863, 46.9262121], [7.2982767, 46.9274711], [7.2984502, 46.9275796], [7.2987873, 46.9276991], [7.2989609, 46.9278428], [7.2993237, 46.9279745], [7.2998767, 46.9281308], [7.3009118, 46.9282462], [7.3012609, 46.9283329], [7.3013557, 46.9284255], [7.3015693, 46.9285029], [7.3017394, 46.9285262], [7.3021089, 46.9287905], [7.3021242, 46.9288494], [7.3022825, 46.928987], [7.3026861, 46.9294872], [7.3029399, 46.9296565], [7.3032537, 46.9297602], [7.3033373, 46.9298144], [7.3037626, 46.9303584], [7.3037928, 46.9304469], [7.3036688, 46.9305223], [7.3036703, 46.9305931], [7.3039032, 46.9312813], [7.3032705, 46.9321278], [7.3028885, 46.9327789], [7.303112, 46.932861], [7.3032242, 46.933003], [7.3032666, 46.9330785], [7.3032371, 46.9333226], [7.303115, 46.9334776], [7.3023689, 46.9339001], [7.3013637, 46.9356065], [7.3013576, 46.9357692]], [[7.3134067, 46.9173112], [7.3126408, 46.917891], [7.3115515, 46.9176245], [7.3102909, 46.9170495], [7.3101468, 46.9170141], [7.309826, 46.9170075], [7.3073679, 46.9174773], [7.3070789, 46.9175925], [7.3068737, 46.9177229], [7.3065006, 46.9179989], [7.3063569, 46.9181935]], [[7.3199654, 46.919629], [7.3196398, 46.9192436], [7.3190397, 46.9186475], [7.3187376, 46.9184811], [7.3180409, 46.9183019], [7.3151288, 46.9179629], [7.3137376, 46.9174114], [7.3134067, 46.9173112]], [[7.3213501, 46.9147892], [7.3211532, 46.914789], [7.3195437, 46.9153882], [7.3182739, 46.9159489], [7.3167152, 46.9167235], [7.3162819, 46.9168012], [7.315406, 46.9168095], [7.3140472, 46.9169957], [7.3137113, 46.9170967], [7.3134067, 46.9173112]], [[7.327551, 46.918589], [7.3267369, 46.9190261], [7.3232291, 46.9194163], [7.3208369, 46.9195952], [7.3202102, 46.9196346], [7.3199654, 46.919629]], [[7.3234213, 46.9221123], [7.3233053, 46.921529], [7.3233485, 46.9214244], [7.323307, 46.9213615], [7.3232923, 46.9211821], [7.3233503, 46.9209718], [7.3232502, 46.9207993], [7.3230671, 46.9206391], [7.3224844, 46.9202825], [7.3221899, 46.9202232], [7.3215063, 46.9202453], [7.3209844, 46.9200849], [7.3200805, 46.9198979], [7.3199654, 46.919629]]]}}, {"type": "Feature", "properties": {"name": "Gürbe", "typ": "haupt", "laenge_km": 4.82}, "geometry": {"type": "MultiLineString", "coordinates": [[[7.4540565, 46.7118798], [7.4543092, 46.7120773], [7.4542954, 46.7121261], [7.4541044, 46.7122799], [7.4540828, 46.7123674], [7.4542505, 46.7130284], [7.4542386, 46.7131681], [7.4541682, 46.7133204], [7.454298, 46.7135434], [7.4543473, 46.7138006], [7.4545814, 46.7138759], [7.454638, 46.7141005], [7.4547665, 46.714222], [7.4547832, 46.714539], [7.4547323, 46.7147772], [7.4548349, 46.714925], [7.4548618, 46.7151695], [7.4547998, 46.7153781], [7.454731, 46.715409], [7.4546215, 46.7155427], [7.4545795, 46.7156803], [7.4545997, 46.7159215], [7.4548126, 46.7163943], [7.4545251, 46.7165633], [7.4544307, 46.7166542], [7.4544526, 46.716761], [7.4543846, 46.7168213], [7.4543778, 46.7168777], [7.454479, 46.7169747], [7.4544646, 46.7170332], [7.4545071, 46.7171013], [7.454765, 46.7172992], [7.4548963, 46.7173612], [7.4550502, 46.7173948], [7.4552196, 46.7173729], [7.4553051, 46.717406], [7.4553284, 46.7174815], [7.4562459, 46.7178315], [7.4567286, 46.7185139], [7.4568625, 46.7185449], [7.4570099, 46.7186535], [7.4570446, 46.7188348], [7.4571146, 46.7189154], [7.4572456, 46.7189474], [7.4573631, 46.7190308], [7.4576482, 46.7191069], [7.4577343, 46.719176], [7.4578262, 46.7194174], [7.4577829, 46.7196337], [7.457725, 46.7196863], [7.4577284, 46.7198459], [7.4576715, 46.7199099], [7.4577125, 46.7199856], [7.4576793, 46.7201891], [7.4576048, 46.7202662], [7.4576419, 46.720461], [7.4575527, 46.7205689], [7.4575335, 46.7206926], [7.4581062, 46.720946], [7.4581925, 46.7210353], [7.4585231, 46.7211586], [7.4587175, 46.7213247], [7.4591404, 46.7214686], [7.4595354, 46.7217779], [7.4597817, 46.721894], [7.4597769, 46.7221387], [7.4599085, 46.7222343], [7.4600343, 46.7224329], [7.4601435, 46.7224778], [7.4601912, 46.7225391], [7.460479, 46.7234307], [7.4604412, 46.7234932], [7.46061, 46.7235865], [7.4609589, 46.7240855], [7.4612025, 46.7242739], [7.4614091, 46.7243554], [7.4614332, 46.7243927], [7.4617991, 46.7244823], [7.4618525, 46.7245919], [7.4620398, 46.7247133], [7.4622119, 46.7249133], [7.462428, 46.7250766], [7.4627684, 46.7251623], [7.4629594, 46.7252753], [7.4630643, 46.7253935], [7.4633986, 46.7255162], [7.4637058, 46.725736], [7.4638649, 46.7257475], [7.4639738, 46.7258185], [7.4640343, 46.725928], [7.4642548, 46.725998], [7.4643428, 46.7260774], [7.4646159, 46.7261526], [7.464715, 46.7262521]], [[7.4645388, 46.7262506], [7.464715, 46.7262521]], [[7.464715, 46.7262521], [7.4648383, 46.7262663], [7.4651646, 46.7262013], [7.4652727, 46.7262457], [7.4654135, 46.7262388], [7.4656219, 46.7262945], [7.4657983, 46.7264242], [7.4660303, 46.7265162], [7.4661948, 46.7266254], [7.4662425, 46.7267921], [7.4664683, 46.7269331], [7.4665098, 46.7270447], [7.466909, 46.7272123], [7.46713, 46.727227], [7.4673467, 46.7272982], [7.4676454, 46.7274552], [7.4677765, 46.7275862], [7.4679962, 46.7277229], [7.4680403, 46.7278572], [7.4682236, 46.7279964], [7.4685837, 46.7280563], [7.4686898, 46.7282218], [7.4688466, 46.7282576], [7.4689805, 46.7283547], [7.4691543, 46.7283984], [7.4692967, 46.7284963], [7.4694486, 46.7285384], [7.4696246, 46.7284813], [7.4696944, 46.7284969], [7.4697521, 46.7285563], [7.470105, 46.7287196], [7.4702243, 46.7288273], [7.4707969, 46.7291534], [7.4709965, 46.7294642], [7.4709353, 46.7296877], [7.4709704, 46.729769], [7.4710722, 46.7298198], [7.4711443, 46.7300087], [7.471366, 46.7301492], [7.4714843, 46.7303018], [7.4718502, 46.7304517], [7.4720001, 46.7305865], [7.4722604, 46.7306928], [7.4727304, 46.7310024], [7.4729668, 46.7310617], [7.4730341, 46.7311775], [7.4733233, 46.7312519], [7.4733619, 46.7312955], [7.4732663, 46.7315902], [7.4732931, 46.7316738], [7.4735146, 46.7318128], [7.4736547, 46.7320378], [7.4738986, 46.7321624], [7.47392, 46.7322986], [7.474144, 46.7325204], [7.4742676, 46.7327224], [7.4749791, 46.7332294], [7.4753887, 46.7334639], [7.4765218, 46.733587], [7.4768957, 46.7337191], [7.4769739, 46.7338345], [7.4770973, 46.7339174], [7.4771939, 46.7339272], [7.4774561, 46.734082], [7.4786187, 46.734579], [7.47876, 46.7347212], [7.4797963, 46.735457], [7.4802846, 46.7356906], [7.4807884, 46.7359864], [7.4819921, 46.7361123], [7.4831108, 46.7363291], [7.4838871, 46.7366272], [7.4847463, 46.7373205], [7.4856487, 46.7378753], [7.4859779, 46.7384823], [7.4872141, 46.7393755], [7.4873872, 46.7394175], [7.4875905, 46.7395557], [7.4879242, 46.7398951], [7.4883468, 46.7402089], [7.4888336, 46.7404668], [7.489331, 46.7406357], [7.4900704, 46.7407365]]]}}, {"type": "Feature", "properties": {"name": "Gürbe", "typ": "haupt", "laenge_km": 16.63}, "geometry": {"type": "LineString", "coordinates": [[7.5159536, 46.7929783], [7.5160596, 46.7940152], [7.5161634, 46.7943296], [7.5167254, 46.7955932], [7.5175801, 46.797988], [7.5177517, 46.7986672], [7.517795, 46.7992602], [7.5175596, 46.8021519], [7.517454, 46.8027822], [7.5149809, 46.8277523], [7.5148249, 46.8289236], [7.5145471, 46.8300451], [7.5143545, 46.8306098], [7.5137772, 46.8318811], [7.51306, 46.8331252], [7.5126755, 46.8336484], [7.503901, 46.8448627], [7.4989102, 46.8511772], [7.4981205, 46.8523182], [7.4976387, 46.8533485], [7.4973842, 46.854154], [7.4958816, 46.8610682], [7.4958187, 46.8619498], [7.4958276, 46.8625591], [7.4958755, 46.8631893], [7.4960013, 46.8640041], [7.4965502, 46.8659345], [7.4967622, 46.8668693], [7.4974761, 46.869423], [7.4978493, 46.8709795], [7.5016917, 46.8853432], [7.5018461, 46.8859288], [7.5019709, 46.8866397], [7.501837, 46.888538], [7.5016874, 46.8888047], [7.5015958, 46.8888961], [7.5013294, 46.8890543], [7.4988893, 46.8900761], [7.4982315, 46.890522], [7.4975185, 46.8912345], [7.496506, 46.8923679], [7.496201, 46.892884], [7.496165, 46.8930173], [7.4961736, 46.8932724], [7.4962712, 46.8935713], [7.4965494, 46.8939881], [7.4994246, 46.8969645], [7.4998864, 46.8975202], [7.5001285, 46.8979485], [7.5003551, 46.8987215], [7.5003655, 46.8994119], [7.5002478, 46.8999356], [7.4991951, 46.902075], [7.4973281, 46.9057057], [7.4972891, 46.9058501], [7.4964706, 46.9073838], [7.4963571, 46.9076674], [7.4962158, 46.9078104], [7.4960324, 46.9082844], [7.4958272, 46.9085591], [7.4957416, 46.9087861], [7.4955566, 46.9089385], [7.4954387, 46.9092304], [7.4954383, 46.9094359], [7.4953388, 46.9096898], [7.4951376, 46.9099223], [7.4948055, 46.9106923], [7.4946463, 46.9109257], [7.4944795, 46.9112838], [7.4943061, 46.9114455], [7.4941803, 46.9119231], [7.4940908, 46.9121031], [7.4939294, 46.9122565], [7.4936697, 46.9127888], [7.4936309, 46.9130281], [7.4932788, 46.9135462], [7.4932342, 46.9137503], [7.4930804, 46.9139174], [7.4930178, 46.9142225], [7.49275, 46.9145331], [7.4926757, 46.9146698], [7.4925469, 46.9151181], [7.4923431, 46.9152613], [7.4923017, 46.915465], [7.4920903, 46.9156905], [7.4920649, 46.9158813], [7.4919784, 46.9160135], [7.491728, 46.9162091], [7.4915769, 46.9165723], [7.4913616, 46.9167246], [7.490982, 46.9172605], [7.490734, 46.9174152], [7.4905328, 46.9176867], [7.4902043, 46.9178696], [7.4898715, 46.9181812], [7.4897645, 46.9183342], [7.4895803, 46.9184501], [7.489473, 46.9185665], [7.4890553, 46.9187576], [7.4888044, 46.9189397], [7.4884251, 46.9192911], [7.4881247, 46.9193897], [7.4880283, 46.9194846], [7.4878342, 46.9195926], [7.4877373, 46.9196986], [7.4874416, 46.9198652], [7.4872941, 46.9199008], [7.4869077, 46.9201226], [7.4859825, 46.9205651], [7.4856429, 46.9205995], [7.4854706, 46.9206495], [7.4851518, 46.9208489], [7.4847855, 46.9209264], [7.4845417, 46.9210596], [7.4841064, 46.9211271], [7.4839371, 46.9212644], [7.483513, 46.9212947], [7.4832912, 46.9213535], [7.4830848, 46.9214734], [7.48289, 46.9215381], [7.4811051, 46.9218774], [7.4792847, 46.9220553], [7.4751862, 46.9223084], [7.4742638, 46.9224631], [7.4735283, 46.9227246], [7.4726893, 46.9231776], [7.4724091, 46.9233858], [7.4703485, 46.9253084], [7.4701889, 46.9255443], [7.4701358, 46.9259905]]}}, {"type": "Feature", "properties": {"name": "Härtekanal", "typ": "haupt", "laenge_km": 0.52}, "geometry": {"type": "LineString", "coordinates": [[7.533961, 47.0871218], [7.5333981, 47.0883143], [7.5329575, 47.0894314], [7.5325962, 47.0905502], [7.5323473, 47.0916315]]}}, {"type": "Feature", "properties": {"name": "Limpachkanal", "typ": "haupt", "laenge_km": 5.75}, "geometry": {"type": "LineString", "coordinates": [[7.4487722, 47.1046837], [7.4906478, 47.1165312], [7.4922083, 47.1170415], [7.4924959, 47.1172086], [7.4986338, 47.1214443], [7.4991326, 47.1215877], [7.5046093, 47.1226983], [7.5096392, 47.1254844], [7.5099068, 47.1257211], [7.5132824, 47.1294213]]}}, {"type": "Feature", "properties": {"name": "Loubbach", "typ": "neben", "laenge_km": 6.81}, "geometry": {"type": "MultiLineString", "coordinates": [[[7.3492354, 46.7541092], [7.3489572, 46.7540571], [7.348507, 46.754146], [7.3481372, 46.7541661], [7.3478664, 46.7540239], [7.3475685, 46.7540276], [7.3473591, 46.753981], [7.3472593, 46.754], [7.347019, 46.7539829], [7.3467417, 46.7541471], [7.3464113, 46.7541566], [7.3463085, 46.754124], [7.3460979, 46.7541463], [7.3460087, 46.7542351], [7.3453192, 46.754398], [7.3450351, 46.7545121], [7.3449201, 46.7544747], [7.3448712, 46.7544075], [7.3446814, 46.7544093], [7.3443543, 46.7545169], [7.344011, 46.754389], [7.3438689, 46.7543751], [7.3437268, 46.7543845], [7.3433466, 46.7545141], [7.3430108, 46.7544575], [7.3427315, 46.7543382], [7.3424121, 46.7542808], [7.3421389, 46.7542997], [7.3416567, 46.7544086], [7.3412151, 46.7545707], [7.3409126, 46.7546112], [7.3407602, 46.7546616], [7.340588, 46.7547758], [7.3403713, 46.7548334], [7.3402582, 46.7548271], [7.3401258, 46.7547642], [7.3397006, 46.7547454], [7.3395098, 46.7546812], [7.3391855, 46.7547832], [7.3390519, 46.7545515], [7.3386055, 46.7544856], [7.3383453, 46.7546721], [7.3382821, 46.7548335], [7.3381448, 46.7550033], [7.337731, 46.7550629], [7.3374551, 46.7552481], [7.3372736, 46.7552792], [7.3369267, 46.7552002], [7.3367642, 46.754907], [7.3365093, 46.754757], [7.3363418, 46.7547085], [7.336051, 46.7547526], [7.3359418, 46.7547259], [7.3356133, 46.7545249], [7.3354006, 46.7544593], [7.335328, 46.7544077], [7.3351127, 46.7543542], [7.3349623, 46.7543575], [7.3337428, 46.7545243], [7.3333852, 46.7547402], [7.3329749, 46.7550813], [7.3322056, 46.7553541], [7.3320839, 46.7554248], [7.3317092, 46.7557374], [7.3313876, 46.7559407], [7.3312019, 46.7559356], [7.3307883, 46.7558448], [7.3306125, 46.7558412], [7.3303638, 46.7559015], [7.3300915, 46.7559036], [7.329973, 46.7558705], [7.3299337, 46.7558397], [7.3299309, 46.7557582], [7.329846, 46.7556705], [7.3296009, 46.7555255], [7.3293201, 46.7554848], [7.3285278, 46.7557482], [7.3280072, 46.7558529], [7.3275902, 46.7559024], [7.3272559, 46.7559834], [7.3269689, 46.7560046], [7.326397, 46.7559486], [7.3260826, 46.755826], [7.3259024, 46.7558147], [7.3255437, 46.7557055], [7.3253387, 46.7556855], [7.3251314, 46.7557701], [7.3249276, 46.7560339], [7.324833, 46.756083], [7.3245461, 46.756154], [7.3239914, 46.7561904], [7.323821, 46.7561103], [7.3230033, 46.7559075], [7.3226201, 46.7556056], [7.3219764, 46.7552731], [7.3218316, 46.7552587], [7.3213088, 46.7555172], [7.3210677, 46.7555116], [7.3206263, 46.7552122], [7.3203685, 46.7549184], [7.3201141, 46.754737], [7.3199657, 46.7546655], [7.3191644, 46.7544336], [7.318726, 46.7543985], [7.3182662, 46.7544766], [7.3180148, 46.7545934], [7.3179267, 46.7548477], [7.317704, 46.7549448], [7.3169196, 46.754955], [7.3167816, 46.7549107], [7.3166059, 46.7547571], [7.316444, 46.7544498], [7.3162768, 46.7544222], [7.3159618, 46.7545011], [7.3155687, 46.7544469], [7.315149, 46.7542746], [7.3145414, 46.753837], [7.3143664, 46.7538035], [7.3142407, 46.7538234], [7.3137764, 46.7540565], [7.3126128, 46.7545231], [7.3121996, 46.7545819], [7.3119061, 46.7545513], [7.3116563, 46.754611], [7.3114541, 46.7547322], [7.311343, 46.7549169], [7.3113186, 46.7551224], [7.3112602, 46.7551751], [7.3109936, 46.7552348], [7.310556, 46.7554223], [7.3104102, 46.7554511], [7.3096109, 46.7554734], [7.3087986, 46.7553189], [7.3084985, 46.7553211], [7.3079616, 46.7554434], [7.3079058, 46.7555775], [7.3080594, 46.7559338], [7.3079306, 46.7560103], [7.3076122, 46.7560115], [7.3070888, 46.7558718], [7.3067593, 46.7558858], [7.306538, 46.7559912], [7.3064022, 46.7561471], [7.3063394, 46.7562921], [7.3061559, 46.7563845], [7.3059148, 46.7564223], [7.3055567, 46.7563548], [7.3051144, 46.7565258], [7.3046768, 46.7564883], [7.3045114, 46.7565364]], [[7.35442, 46.7545417], [7.3543179, 46.754622], [7.3536839, 46.7546904], [7.3531292, 46.7547958], [7.3528071, 46.7548014], [7.3525253, 46.7548881], [7.3522094, 46.754774], [7.3518381, 46.7547294], [7.3509789, 46.7548242], [7.3507347, 46.7547571], [7.3506491, 46.7546776], [7.3499934, 46.754556], [7.3498142, 46.7544238], [7.3495467, 46.754362], [7.3494242, 46.7542064], [7.3492354, 46.7541092]], [[7.3611522, 46.7394734], [7.3608973, 46.7396767], [7.3607763, 46.7398343], [7.3607166, 46.7400915], [7.3607162, 46.7403791], [7.3606001, 46.7405909], [7.3604031, 46.7408198], [7.3603929, 46.7408926], [7.360455, 46.7410052], [7.3604266, 46.7410731], [7.3602666, 46.7411971], [7.3601506, 46.7413775], [7.3600219, 46.7418591], [7.360111, 46.7421058], [7.3601532, 46.7421315], [7.3601011, 46.7422505], [7.3601661, 46.7424482], [7.3602411, 46.7425418], [7.3603832, 46.7426354], [7.3604018, 46.742842], [7.3605605, 46.7430714], [7.3604126, 46.7433917], [7.3604162, 46.7435192], [7.3604837, 46.7436328], [7.3603424, 46.743801], [7.3604992, 46.7439125], [7.3606497, 46.7442715], [7.3608957, 46.7443133], [7.3610323, 46.7443862], [7.361211, 46.7444206], [7.3613203, 46.7446494], [7.3613777, 46.7451422], [7.3612571, 46.7454588], [7.3611146, 46.7456364], [7.3609538, 46.746019], [7.3608353, 46.7462021], [7.3608192, 46.7462792], [7.3608871, 46.7464018], [7.360881, 46.7464734], [7.3607564, 46.746746], [7.3602672, 46.7470417], [7.3601307, 46.7472054], [7.3600482, 46.7474601], [7.3596412, 46.7477022], [7.3594795, 46.7479088], [7.3592821, 46.7480545], [7.3592299, 46.7481329], [7.3592455, 46.7483808], [7.359087, 46.7485831], [7.3589908, 46.7486354], [7.3589682, 46.7487616], [7.3585416, 46.748898], [7.3584591, 46.7491279], [7.3583288, 46.7492353], [7.3580501, 46.7493549], [7.3579015, 46.7495985], [7.3576286, 46.7499109], [7.357238, 46.7501542], [7.3570452, 46.7503397], [7.3568877, 46.7506219], [7.3566761, 46.7506054], [7.3564787, 46.750868], [7.3561549, 46.7509702], [7.3560204, 46.7510458], [7.3558007, 46.7510763], [7.3556949, 46.7511293], [7.355535, 46.7512814], [7.3554489, 46.7514288], [7.355249, 46.7515325], [7.3551025, 46.7516992], [7.35508, 46.7518623], [7.3549737, 46.7520368], [7.3547089, 46.7520157], [7.3544772, 46.7521025], [7.3543157, 46.7522433], [7.3542733, 46.7523592], [7.3541658, 46.7524088], [7.3535518, 46.7525276], [7.3534351, 46.752774], [7.3532539, 46.7528749], [7.3532649, 46.7529661], [7.353225, 46.7529999], [7.3529892, 46.7530759], [7.3526997, 46.7531252], [7.352437, 46.7531315], [7.3522643, 46.753272], [7.3521759, 46.7532817], [7.3519412, 46.7534304], [7.3515772, 46.7535111], [7.351441, 46.7536351], [7.3513088, 46.7536377], [7.3512812, 46.7536833], [7.3510733, 46.7537762], [7.3510255, 46.7538873], [7.3509075, 46.7539981], [7.3506788, 46.7539885], [7.3502476, 46.7541162], [7.3499365, 46.7540683], [7.3497389, 46.7541001], [7.3494237, 46.7540389], [7.3492354, 46.7541092]]]}}, {"type": "Feature", "properties": {"name": "Luterbach", "typ": "haupt", "laenge_km": 2.41}, "geometry": {"type": "MultiLineString", "coordinates": [[[7.5819383, 46.9878785], [7.5817411, 46.9883238], [7.5812286, 46.9891237], [7.5809543, 46.9896356], [7.5809833, 46.9898606], [7.5811818, 46.9901753], [7.5814007, 46.9906761], [7.5815599, 46.9907611], [7.5820169, 46.9911518], [7.582349, 46.9914815], [7.5824397, 46.9916228], [7.5830644, 46.9923017], [7.5836002, 46.9927406], [7.5843861, 46.9931395], [7.5861913, 46.9938365], [7.5865057, 46.9939849], [7.5865884, 46.9940401], [7.5869326, 46.9945924], [7.5876007, 46.9950664]], [[7.5822195, 46.9873161], [7.5819695, 46.9874976], [7.5818579, 46.9876484], [7.5817828, 46.9878194], [7.5819383, 46.9878785]], [[7.5822195, 46.9873161], [7.5819383, 46.9878785]], [[7.588481, 46.9804051], [7.5878273, 46.9803538], [7.5866273, 46.9803297], [7.5858685, 46.9802651], [7.58442, 46.9804576], [7.5843563, 46.980498], [7.5836238, 46.9804392], [7.5834129, 46.9804475], [7.5829779, 46.9805919], [7.5826514, 46.9809568], [7.5824693, 46.9810606], [7.5820721, 46.9811891], [7.5819424, 46.9812712], [7.5821695, 46.9824132], [7.5823461, 46.9827982], [7.5823923, 46.9830727], [7.5823512, 46.9833771], [7.5825578, 46.9839774], [7.5826408, 46.9841085], [7.582875, 46.9848618], [7.5828612, 46.9849043], [7.5827551, 46.9849444], [7.5826571, 46.9856263], [7.5823518, 46.9865067], [7.582129, 46.9868717], [7.5821426, 46.9869704], [7.5822761, 46.9871071], [7.5822195, 46.9873161]]]}}, {"type": "Feature", "properties": {"name": "Lötschebach", "typ": "neben", "laenge_km": 5.16}, "geometry": {"type": "MultiLineString", "coordinates": [[[7.4931426, 46.9657699], [7.4924079, 46.9667823], [7.4921258, 46.9668832], [7.4915541, 46.9672846], [7.4910696, 46.967561], [7.4906978, 46.9678326], [7.4903948, 46.9680042], [7.4902667, 46.9682278], [7.4900948, 46.9684011], [7.4896563, 46.9687065], [7.4891451, 46.969], [7.4889015, 46.9692109], [7.4886858, 46.9696711], [7.4885375, 46.9698948], [7.4884026, 46.9702297], [7.4883214, 46.970305], [7.4885009, 46.9712586], [7.4885262, 46.9716897], [7.4885893, 46.971863], [7.4885709, 46.9720453]], [[7.5001961, 46.9359215], [7.4999102, 46.9361278], [7.4984535, 46.9369177], [7.4984857, 46.93756], [7.4984599, 46.9378998], [7.4980918, 46.938158], [7.4982546, 46.9382924], [7.4983126, 46.9384066], [7.4983114, 46.9385568], [7.4982247, 46.9386969], [7.4971729, 46.9392952], [7.4971735, 46.9393659], [7.4969799, 46.9394093], [7.4968396, 46.939537], [7.4966687, 46.9396221], [7.496556, 46.9396308], [7.4961717, 46.9397551], [7.4952482, 46.9400783], [7.4951141, 46.9401595], [7.4947882, 46.9399573], [7.494538, 46.9401522], [7.4944783, 46.9401512], [7.4942012, 46.9403473], [7.4940067, 46.9404305], [7.4937003, 46.9406867], [7.4934659, 46.9407588], [7.4934062, 46.9408435], [7.4932234, 46.9408427], [7.4929871, 46.9409377], [7.4929088, 46.9410205], [7.492793, 46.9410289], [7.4920197, 46.9413536], [7.4919456, 46.9414016], [7.491903, 46.9414916], [7.4917536, 46.94147], [7.4907212, 46.9418657], [7.4901109, 46.9423634], [7.489628, 46.9426753], [7.4889502, 46.9434752], [7.4885213, 46.9440593], [7.488073, 46.9444984], [7.4853081, 46.9464183], [7.4851398, 46.9465811], [7.4850104, 46.9468517], [7.4849985, 46.9470964], [7.4851781, 46.9486563], [7.4851489, 46.9487468], [7.4850031, 46.9488997], [7.4850088, 46.9489523], [7.4854098, 46.9491474], [7.4854912, 46.9492159], [7.4883778, 46.9529402], [7.488524, 46.9530012], [7.4887599, 46.9533152], [7.4889102, 46.9534561], [7.4890146, 46.9536532], [7.4894684, 46.9542332], [7.4898063, 46.9545695], [7.4898462, 46.9546778], [7.4897787, 46.9547095], [7.4898971, 46.9548559], [7.4913199, 46.9564615], [7.4921712, 46.9574881], [7.4922243, 46.9574782], [7.4924835, 46.9577755], [7.4927328, 46.958077], [7.492756, 46.9581883], [7.4928522, 46.9583081], [7.4929264, 46.9583763], [7.4931132, 46.9584481], [7.4930952, 46.9585483], [7.4932602, 46.958642], [7.4933036, 46.9588157], [7.4935289, 46.958915], [7.4937241, 46.959126], [7.4937381, 46.9591914], [7.4937959, 46.9592132], [7.4938983, 46.9593876], [7.493969, 46.9594062], [7.4939644, 46.9594641], [7.4940591, 46.9595265], [7.4940244, 46.9596279], [7.494082, 46.9597103], [7.4942337, 46.9597946], [7.4943445, 46.9601376], [7.4943886, 46.9601792], [7.4943479, 46.9602313], [7.4944064, 46.9602857], [7.4943899, 46.9603311], [7.4944706, 46.9604965], [7.4944409, 46.960532], [7.4944719, 46.9606771], [7.4944106, 46.9611177], [7.4942838, 46.9613191], [7.4943353, 46.9613591], [7.4943953, 46.9615451], [7.4943153, 46.9622293], [7.4942747, 46.9622705], [7.4943016, 46.9623483], [7.4942436, 46.9625571], [7.4942318, 46.9628564], [7.4941921, 46.9629342], [7.4941913, 46.9632017], [7.4941237, 46.9635049], [7.4940185, 46.9635622], [7.4939546, 46.9636438], [7.4937748, 46.9640381], [7.4936632, 46.9641876], [7.4934319, 46.9643015], [7.4933813, 46.9644088], [7.4933726, 46.9645887], [7.4932271, 46.9647368], [7.4929468, 46.9648662], [7.492805, 46.9649893], [7.492748, 46.9652738], [7.4926556, 46.9654063], [7.4926168, 46.9655566], [7.4927098, 46.9656403], [7.4931426, 46.9657699]], [[7.4933946, 46.965304], [7.4931426, 46.9657699]]]}}, {"type": "Feature", "properties": {"name": "Murtegrabe", "typ": "neben", "laenge_km": 7.91}, "geometry": {"type": "MultiLineString", "coordinates": [[[7.3816711, 46.7586415], [7.3817147, 46.7588609], [7.3819375, 46.7589727]], [[7.3819375, 46.7589727], [7.382044, 46.7593555], [7.3821104, 46.759425], [7.382225, 46.7597221], [7.3822395, 46.7598708], [7.382186, 46.7599905], [7.3824019, 46.7601887], [7.3824099, 46.760479], [7.3824954, 46.7608713], [7.3826227, 46.7610008], [7.3826557, 46.7610964], [7.3827901, 46.7611468], [7.3829846, 46.7613606], [7.3831207, 46.7613981], [7.3831913, 46.7614593], [7.3832564, 46.7616927], [7.3834094, 46.7619529], [7.3834299, 46.7620627], [7.3835918, 46.7621785], [7.3839585, 46.7622479], [7.3840549, 46.7622969], [7.3841428, 46.7624093], [7.3841679, 46.7624972], [7.3841237, 46.7626686], [7.3841404, 46.7627277], [7.3842451, 46.7628199], [7.3842806, 46.7629553], [7.3842416, 46.7631007], [7.3842917, 46.7632606], [7.3842893, 46.7635861], [7.3843728, 46.7639103], [7.3843663, 46.7641018], [7.3844228, 46.7642561], [7.3843974, 46.7644679], [7.3844539, 46.7645644], [7.3846236, 46.7646811], [7.3847387, 46.7648254], [7.3850739, 46.7650256], [7.3854635, 46.7653441], [7.3857362, 46.7656412]], [[7.3824034, 46.7545861], [7.3822978, 46.7549373], [7.3823059, 46.7551211], [7.3822199, 46.7552191], [7.3821114, 46.7556531], [7.3822428, 46.7558817], [7.3821512, 46.7560168], [7.3823034, 46.7561426], [7.3823434, 46.7563235], [7.3822837, 46.756471], [7.3821353, 46.7566071], [7.3821546, 46.756708], [7.3822154, 46.7567525], [7.3821609, 46.7573011], [7.3820037, 46.7579236], [7.3818858, 46.7581102], [7.3818925, 46.758273], [7.3820306, 46.7586567], [7.3819375, 46.7589727]], [[7.3857362, 46.7656412], [7.3854415, 46.7658763], [7.3854473, 46.7660455], [7.3856976, 46.7665483], [7.385779, 46.7666359], [7.3860354, 46.7667611], [7.3861633, 46.7669426], [7.3863913, 46.7669739], [7.3865095, 46.7671281], [7.3866386, 46.7673848], [7.3866729, 46.7677038], [7.3868889, 46.7680145], [7.386923, 46.768479], [7.3870325, 46.7686215], [7.3874483, 46.7689324], [7.3882931, 46.7692579], [7.3885402, 46.7692868], [7.3889225, 46.7691766], [7.3890451, 46.7691819], [7.3892031, 46.7693273], [7.3892783, 46.7694793], [7.3894427, 46.7695827], [7.3897557, 46.7695415], [7.3899716, 46.7696427], [7.3902933, 46.7697233], [7.3903861, 46.7697178], [7.3905598, 46.7696465], [7.3907785, 46.7696334], [7.3915914, 46.7698797], [7.3916912, 46.7699864], [7.3918806, 46.7701005], [7.3919306, 46.7701781], [7.391723, 46.7704532], [7.3918262, 46.7705857], [7.3919889, 46.7706654], [7.3922442, 46.770677], [7.3923338, 46.7707222], [7.3923841, 46.7708613], [7.3924956, 46.7709712], [7.3925985, 46.7710077], [7.3929547, 46.7710085], [7.3930113, 46.7710775], [7.3930503, 46.7712791], [7.3931753, 46.7714601], [7.3933628, 46.7715257], [7.3935599, 46.7715094], [7.3936628, 46.7715309], [7.3937575, 46.7716041], [7.3936963, 46.7720171], [7.3938026, 46.7720946], [7.3938495, 46.7722035], [7.3937245, 46.7724332], [7.3937051, 46.7725637], [7.3937335, 46.7726144], [7.3939875, 46.7727241], [7.3940726, 46.7728675], [7.3943317, 46.7730214], [7.3943855, 46.7731939], [7.3942671, 46.7734139], [7.3943024, 46.7735433], [7.3944403, 46.7736186], [7.3945653, 46.7738061], [7.3949989, 46.7740656], [7.394981, 46.7741573], [7.3948488, 46.7742317], [7.3948175, 46.7742857], [7.3948531, 46.7744679], [7.3948138, 46.7745822], [7.3949104, 46.7747125], [7.3951216, 46.7748892], [7.3951143, 46.775121], [7.3952395, 46.7753505], [7.395723, 46.7756466], [7.3959525, 46.7758502], [7.3961003, 46.7759213], [7.3962136, 46.7760624], [7.396249, 46.7762209], [7.3964234, 46.7763188], [7.396926, 46.7764122], [7.3977146, 46.7763706], [7.3980363, 46.7764178]], [[7.3858191, 46.7652806], [7.3858181, 46.7654314], [7.3857362, 46.7656412]], [[7.3858728, 46.7630525], [7.3859038, 46.7631808], [7.3858079, 46.7632651], [7.3857706, 46.7634923], [7.3856653, 46.7636355], [7.3857309, 46.763792], [7.3857026, 46.7639403], [7.3854994, 46.7644366], [7.3855683, 46.7648735], [7.3858191, 46.7652806]], [[7.3911328, 46.759282], [7.3908895, 46.7594389], [7.3908458, 46.7595575], [7.390824, 46.7599435], [7.3903746, 46.7605088], [7.3903578, 46.7606887], [7.3902683, 46.7609157], [7.3898916, 46.7614496], [7.3892783, 46.7618507], [7.3890309, 46.7618934], [7.3889561, 46.7619419], [7.388929, 46.762029], [7.3888645, 46.7620832], [7.3884363, 46.7622401], [7.3882782, 46.7623686], [7.3880517, 46.7623985], [7.3878439, 46.7623641], [7.3876735, 46.7624026], [7.3874591, 46.7627124], [7.3872844, 46.7628922], [7.3871659, 46.7629222], [7.3869727, 46.7629178], [7.386586, 46.7630661], [7.3865568, 46.7631761], [7.3867458, 46.763269], [7.3866875, 46.7634032], [7.3866748, 46.7636102], [7.3865603, 46.7638073], [7.3865934, 46.7640186], [7.3865075, 46.7646683], [7.3864534, 46.7647868], [7.3862225, 46.7649752], [7.3861974, 46.7651751], [7.3861287, 46.7652365], [7.3858191, 46.7652806]], [[7.3872978, 46.7555433], [7.3872756, 46.7558227], [7.3874096, 46.7559956], [7.387422, 46.7561301], [7.3875169, 46.756278], [7.3874217, 46.7564893], [7.3873823, 46.756714], [7.3873082, 46.7568253], [7.3873135, 46.7571], [7.3867889, 46.7577105], [7.3865472, 46.7582538], [7.3865123, 46.7585363], [7.3863229, 46.7585873], [7.3862919, 46.7586348], [7.3863244, 46.7588742], [7.3862405, 46.7589847], [7.3862003, 46.7591668], [7.3860617, 46.7593226], [7.3859776, 46.7596493], [7.3857989, 46.7598758], [7.3857915, 46.7599431], [7.3859589, 46.760137], [7.386097, 46.7603917], [7.3858253, 46.7607474], [7.3856118, 46.7611438], [7.3856335, 46.761349], [7.3855419, 46.7617839], [7.385691, 46.7620617], [7.3858095, 46.7624464], [7.3857712, 46.7626997], [7.3858728, 46.7630525]], [[7.3880628, 46.7547905], [7.3881248, 46.7548652], [7.3879337, 46.7554811], [7.3879765, 46.7556242], [7.3879215, 46.7559233], [7.3879661, 46.7562463], [7.3882063, 46.7568259], [7.3882078, 46.7570556], [7.388173, 46.7572234], [7.3880828, 46.7573935], [7.3876236, 46.7576777], [7.3876028, 46.7577372], [7.3876786, 46.7581526], [7.3878976, 46.7585056], [7.3880368, 46.7586203], [7.388125, 46.7586359], [7.3882221, 46.7586146], [7.388348, 46.7586645], [7.3884807, 46.7589867], [7.387826, 46.7598325], [7.3877096, 46.7600792], [7.3877424, 46.7602399], [7.3876367, 46.7602958], [7.3875637, 46.7605897], [7.3874301, 46.7608015], [7.387262, 46.7609549], [7.3872151, 46.7611131], [7.3871146, 46.7612392], [7.3870866, 46.7615117], [7.3869531, 46.7616414], [7.386998, 46.7618416], [7.3868283, 46.7619361], [7.3865678, 46.7619527], [7.3865098, 46.7619838], [7.3860461, 46.7626572], [7.385989, 46.7629386], [7.3858728, 46.7630525]], [[7.3869879, 46.7481345], [7.386978, 46.7483327], [7.3870374, 46.7485545], [7.3873665, 46.749132], [7.3875839, 46.749374], [7.3877666, 46.7494769], [7.3879015, 46.7496084], [7.3879364, 46.7500011], [7.3878777, 46.750548], [7.3880124, 46.7509765], [7.3879354, 46.7511278], [7.3879976, 46.7512364], [7.3881865, 46.7513478], [7.3884211, 46.751615], [7.3884271, 46.7517963], [7.3885184, 46.7518992], [7.3885744, 46.752052], [7.3884263, 46.7526931], [7.3884135, 46.752973], [7.3884943, 46.7532644], [7.3888884, 46.753541], [7.3891926, 46.7536193], [7.3897863, 46.7538616], [7.389819, 46.7539235], [7.3897602, 46.754059], [7.3900105, 46.7542035], [7.3902652, 46.7547273], [7.390606, 46.7550333], [7.3908793, 46.7553143], [7.390926, 46.7554035], [7.3909309, 46.7557403], [7.3911315, 46.7559915], [7.3911332, 46.7560451], [7.3909668, 46.7561997], [7.3910135, 46.756327], [7.3908956, 46.7564638], [7.3907843, 46.7569303], [7.3906925, 46.7570088], [7.390746, 46.7572397], [7.3907304, 46.7572789], [7.3906022, 46.757342], [7.3905448, 46.7575633], [7.3906243, 46.757718], [7.3909581, 46.7578209], [7.3909737, 46.7578593], [7.3907884, 46.7582346], [7.3908212, 46.7582881], [7.3911553, 46.7584537], [7.3911614, 46.758772], [7.3912194, 46.7588515], [7.3911528, 46.7589657], [7.3911774, 46.7592394], [7.3911328, 46.759282]], [[7.391654, 46.7588651], [7.3914508, 46.7590776], [7.3911328, 46.759282]]]}}, {"type": "Feature", "properties": {"name": "Muschere-Sense", "typ": "haupt", "laenge_km": 1.6}, "geometry": {"type": "LineString", "coordinates": [[7.3454575, 46.6993299], [7.345426, 46.6997314], [7.3456104, 46.6999819], [7.3455701, 46.7002187], [7.3456975, 46.7005424], [7.3457507, 46.700636], [7.3458814, 46.700747], [7.3459694, 46.7009577], [7.3459845, 46.7010859], [7.3459187, 46.7013709], [7.3459643, 46.7014615], [7.3461011, 46.7015674], [7.3462193, 46.7021236], [7.3468307, 46.7028537], [7.3475315, 46.7032843], [7.347825, 46.7035608], [7.348245, 46.7038701], [7.3483632, 46.704041], [7.3483343, 46.7042742], [7.3483962, 46.7043674], [7.3486489, 46.7045072], [7.3488035, 46.704678], [7.3489145, 46.7048697], [7.3490345, 46.7049279], [7.34908, 46.7049978], [7.3490456, 46.7052374], [7.3491149, 46.7055275], [7.3490479, 46.7057309], [7.3491443, 46.7058927], [7.3492395, 46.7062917], [7.3493492, 46.7064545], [7.3496151, 46.7066968], [7.3496507, 46.7067874], [7.3495743, 46.7070298], [7.3496018, 46.7072295], [7.34978, 46.707383], [7.3498595, 46.7075218], [7.3498406, 46.7078806], [7.349879, 46.7079491], [7.3500845, 46.708023], [7.3503229, 46.7081803], [7.3503668, 46.7082432], [7.3503595, 46.709373], [7.3501631, 46.7097917], [7.3502267, 46.7101814], [7.3501904, 46.7102311], [7.3499741, 46.7103281], [7.3498522, 46.7105388], [7.3498395, 46.7107429], [7.349894, 46.710956], [7.3498559, 46.7110201], [7.3497341, 46.7111236], [7.3495432, 46.7114141], [7.3492396, 46.7116368], [7.3488851, 46.7119994], [7.3488937, 46.7120907]]}}, {"type": "Feature", "properties": {"name": "Mülibach", "typ": "neben", "laenge_km": 5.99}, "geometry": {"type": "MultiLineString", "coordinates": [[[7.3149736, 46.9891614], [7.3158995, 46.9888092], [7.3202596, 46.9886522], [7.3220262, 46.9884857], [7.3245365, 46.9894407], [7.3267069, 46.9901145], [7.3304415, 46.9903828], [7.3316093, 46.9903668], [7.3327193, 46.990274], [7.3330421, 46.9902362], [7.3335265, 46.9901034], [7.334233, 46.990243], [7.3344667, 46.9902451], [7.3346727, 46.9902015], [7.3355099, 46.9903946], [7.3361275, 46.9904294], [7.3366759, 46.9903252], [7.3369237, 46.9902378], [7.3371908, 46.9902552], [7.3380202, 46.9901512], [7.3388938, 46.9901901], [7.3391472, 46.9901237], [7.3393781, 46.9901467], [7.3395591, 46.9900707], [7.3398875, 46.9900177], [7.3400016, 46.990033], [7.3401881, 46.9899665], [7.3403161, 46.9899743], [7.340678, 46.9898546], [7.3413848, 46.9898438], [7.3416532, 46.9896061], [7.3419063, 46.9894353], [7.3421277, 46.9893356], [7.3422654, 46.9892151], [7.342639, 46.9887215], [7.3427615, 46.9886588], [7.3428927, 46.9884419], [7.3430737, 46.9883335], [7.3431352, 46.9881889], [7.3432383, 46.9880728], [7.3433613, 46.9877949], [7.3432696, 46.9877073], [7.3432225, 46.9875911], [7.3434458, 46.9871914], [7.3434132, 46.9867725], [7.3436223, 46.9865271], [7.3436586, 46.9864472], [7.3436534, 46.9862587], [7.34384, 46.9861332], [7.3440745, 46.9857145], [7.3441469, 46.985686], [7.3443667, 46.9856881], [7.3444168, 46.98565], [7.344164, 46.9854271], [7.3441727, 46.9852614], [7.344276, 46.985033], [7.3444432, 46.9849094], [7.3445629, 46.9848771], [7.3446076, 46.9847572], [7.3449026, 46.9847042], [7.3449389, 46.984609], [7.3451005, 46.9844873], [7.3450926, 46.9842626], [7.3452208, 46.984118], [7.3453099, 46.9840819], [7.3455853, 46.9840821], [7.3456606, 46.9840232], [7.3457247, 46.9839432], [7.3456916, 46.9837833], [7.3457782, 46.9835473], [7.3458037, 46.9833359], [7.3459345, 46.983317], [7.3462598, 46.9833915], [7.3466496, 46.9832205], [7.3468305, 46.9831826], [7.3471175, 46.9829791], [7.3471345, 46.9827601], [7.3472932, 46.9827069], [7.3473824, 46.9826137], [7.3472574, 46.9824803], [7.3474831, 46.9822958], [7.3474449, 46.9818655], [7.3475426, 46.9816847], [7.3475123, 46.9815038], [7.3474373, 46.98142], [7.3470538, 46.9811569], [7.3468898, 46.9810825], [7.3468732, 46.9810444], [7.3469206, 46.9809721], [7.3470877, 46.9808904], [7.3471212, 46.9807952], [7.3470213, 46.980639], [7.3468712, 46.9805722], [7.3469411, 46.9803743], [7.3467049, 46.9801951], [7.3466912, 46.9801037], [7.3468475, 46.979824], [7.3467337, 46.9796868], [7.3467754, 46.979664], [7.3470007, 46.9796737], [7.3470594, 46.9795557], [7.3468843, 46.9794356], [7.3466702, 46.9793707], [7.3467009, 46.9793041], [7.3468457, 46.9792337], [7.3468848, 46.9791481], [7.3467404, 46.9789766], [7.3467687, 46.9787234], [7.3467327, 46.9786206], [7.3465994, 46.9785024], [7.3465995, 46.9784643], [7.3466413, 46.9784149], [7.3468612, 46.9783065], [7.3469227, 46.9781542], [7.347137, 46.9781049], [7.3471843, 46.9780612], [7.3471707, 46.9779107], [7.3471096, 46.9778231], [7.3471737, 46.9777603], [7.3473992, 46.9776596], [7.347394, 46.9774578], [7.3475585, 46.977258], [7.3475587, 46.977138], [7.3473642, 46.9770313], [7.3472837, 46.9768941], [7.3472898, 46.9765685], [7.3473874, 46.9764772], [7.3474322, 46.9762945], [7.3473905, 46.9762487], [7.3471903, 46.9762181], [7.347182, 46.9761838], [7.3475245, 46.9759899], [7.347942, 46.9758474], [7.3480229, 46.9757142], [7.3480063, 46.9756419], [7.3480679, 46.9754344], [7.3484911, 46.9752158], [7.3485665, 46.9750597], [7.3490338, 46.9750524], [7.3490701, 46.9749573], [7.3489842, 46.9747954], [7.3490177, 46.9746812], [7.3493212, 46.9745634], [7.3493018, 46.9744815], [7.3492268, 46.97443], [7.3491133, 46.9741139], [7.3491163, 46.9740053], [7.3491999, 46.9738854], [7.3491891, 46.9737008], [7.349153, 46.9736246], [7.3489724, 46.9735026], [7.3489559, 46.9734473], [7.3490174, 46.9732551], [7.3489039, 46.9730409], [7.3487869, 46.9723186], [7.3488237, 46.9722934]], [[7.3488237, 46.9722934], [7.3490291, 46.9723134], [7.3492928, 46.9721724], [7.3494943, 46.971901], [7.3498699, 46.9717108], [7.3499246, 46.9713809], [7.3500904, 46.9709806], [7.3500271, 46.9700124], [7.3507735, 46.9690913], [7.3511322, 46.9687147], [7.3511542, 46.9683222], [7.3508857, 46.9677623], [7.3508701, 46.9676039]], [[7.3488237, 46.9722934], [7.3489512, 46.9722044], [7.349235, 46.9721152], [7.3493632, 46.9719973], [7.3494497, 46.9718336], [7.3496085, 46.9716947], [7.349795, 46.9716092], [7.3498257, 46.9715597], [7.3498399, 46.9713846], [7.3498039, 46.9712665], [7.3499074, 46.9709315], [7.3497382, 46.9706343], [7.3497165, 46.9703221], [7.3495804, 46.9702058], [7.3495249, 46.9700877], [7.3495643, 46.9698536], [7.349659, 46.9697489], [7.3497843, 46.9696824], [7.3497901, 46.9695263], [7.349846, 46.9693892], [7.3499879, 46.9693303], [7.3501022, 46.969199], [7.3501086, 46.9686754], [7.3500421, 46.968563], [7.3501898, 46.968367], [7.350232, 46.9681024], [7.3502793, 46.9680491], [7.3506766, 46.967832], [7.3508701, 46.9676039]], [[7.3508701, 46.9676039], [7.3509184, 46.9675284], [7.3511538, 46.9673476], [7.3513382, 46.9672635], [7.3515736, 46.9670778], [7.3520908, 46.9668588], [7.3526213, 46.9666806]]]}}, {"type": "Feature", "properties": {"name": "Mülibach", "typ": "neben", "laenge_km": 5.59}, "geometry": {"type": "MultiLineString", "coordinates": [[[7.4795411, 46.8051937], [7.4796686, 46.8056436], [7.479825, 46.8059979], [7.4800714, 46.8061949], [7.4806104, 46.8067875], [7.4809162, 46.8069946], [7.4811142, 46.8070819]], [[7.4811142, 46.8070819], [7.4816433, 46.8076306], [7.4818186, 46.8078804], [7.4822357, 46.8079495], [7.4825399, 46.8079427], [7.4830943, 46.8080557], [7.4835579, 46.8082375], [7.483878, 46.8084668]], [[7.4835594, 46.7999404], [7.4834143, 46.8000221], [7.4832165, 46.8001977], [7.4827072, 46.8004105], [7.4821387, 46.8008139], [7.4818828, 46.800849], [7.48166, 46.801032], [7.4813528, 46.8013675], [7.4807604, 46.8017892], [7.4808734, 46.8020745], [7.4808797, 46.8022135], [7.4807794, 46.8023093], [7.4805957, 46.8026226], [7.4805055, 46.8030207], [7.4802884, 46.80346], [7.4802219, 46.8041124], [7.4801384, 46.8042629], [7.4802842, 46.804493], [7.4802198, 46.8051825], [7.4804172, 46.8057648], [7.48064, 46.8062395], [7.4809811, 46.8067216], [7.4811142, 46.8070819]], [[7.4828597, 46.8082803], [7.4836524, 46.8084368]], [[7.4829976, 46.8087277], [7.4833611, 46.8085726], [7.4835616, 46.8085383], [7.4836524, 46.8084368]], [[7.4831107, 46.8087965], [7.483236, 46.8087964]], [[7.4836119, 46.8089426], [7.483286, 46.808891], [7.483236, 46.8087964]], [[7.483236, 46.8087964], [7.4835994, 46.8086414], [7.4836992, 46.8086329], [7.4841217, 46.80873]], [[7.4836524, 46.8084368], [7.483878, 46.8084668]], [[7.483878, 46.8084668], [7.4841217, 46.80873]], [[7.4841217, 46.80873], [7.4848863, 46.8094305], [7.4850897, 46.809538], [7.4853304, 46.8097267]], [[7.4853304, 46.8097267], [7.4859753, 46.8100773], [7.4867654, 46.8108857], [7.4868907, 46.8109717], [7.4877803, 46.8113499], [7.4877571, 46.8114624]], [[7.4853304, 46.8097267], [7.4862922, 46.8107206], [7.4866193, 46.8111531], [7.4867878, 46.8113123], [7.486848, 46.8113428], [7.4869976, 46.8113179], [7.4872715, 46.8114215], [7.4875111, 46.8114172], [7.4877571, 46.8114624]], [[7.4877571, 46.8114624], [7.488194, 46.8114788], [7.48847, 46.8115819], [7.4889241, 46.8118604], [7.4893553, 46.8123025], [7.4896505, 46.8124306], [7.4900548, 46.8125241], [7.490566, 46.8125326], [7.4909305, 46.8124874], [7.4923541, 46.8119895]], [[7.4923541, 46.8119895], [7.4923883, 46.8119071], [7.4935264, 46.811399], [7.4998531, 46.8128984], [7.5009754, 46.8134367]], [[7.4923541, 46.8119895], [7.4929931, 46.8116965], [7.4934268, 46.8115909], [7.4936827, 46.8115864], [7.4949025, 46.8118512], [7.4952203, 46.8118566], [7.4955301, 46.8119855], [7.4961386, 46.8121739], [7.4962484, 46.8122303], [7.4964741, 46.8124752], [7.4975575, 46.8126711], [7.497825, 46.8126597], [7.4981343, 46.8127096], [7.4985404, 46.81291], [7.4990495, 46.8129746], [7.4991247, 46.8130055], [7.4991807, 46.8131721], [7.4992667, 46.8132045], [7.4996038, 46.8131807], [7.4999819, 46.8132749], [7.5002095, 46.8132379], [7.5003728, 46.8132511], [7.5009754, 46.8134367]], [[7.5009754, 46.8134367], [7.5017197, 46.8135674], [7.5021065, 46.8136822], [7.5025382, 46.8137232], [7.5028841, 46.8138484], [7.5030474, 46.8138497], [7.5032684, 46.8137868], [7.5034748, 46.8135677], [7.5038181, 46.8135633], [7.5042327, 46.8136471], [7.5044753, 46.813641], [7.5045848, 46.81361], [7.5048853, 46.8134359], [7.5052332, 46.813415], [7.5054007, 46.8133663], [7.5055982, 46.8133514], [7.5060464, 46.8135034], [7.5070028, 46.8134803], [7.5074332, 46.8135327], [7.5076017, 46.8135072], [7.5078076, 46.8133878], [7.5079695, 46.8133706], [7.5083576, 46.8133611], [7.5090164, 46.8134112], [7.5093003, 46.8134004], [7.5100884, 46.8136292], [7.5107258, 46.8139254], [7.5111031, 46.8139913], [7.5113513, 46.8139236], [7.5115619, 46.8139197], [7.5144149, 46.813975], [7.5147506, 46.8140775], [7.5162726, 46.8147517]]]}}, {"type": "Feature", "properties": {"name": "Mülikanal", "typ": "haupt", "laenge_km": 0.83}, "geometry": {"type": "LineString", "coordinates": [[7.5038639, 46.9651747], [7.5035938, 46.9651825], [7.5033193, 46.9653879], [7.5019785, 46.9659312], [7.5010278, 46.9665254], [7.500075, 46.9667991], [7.4997633, 46.9669272], [7.4980472, 46.9676852], [7.4975092, 46.9679968], [7.4968951, 46.9684814], [7.4964743, 46.9693246], [7.496605, 46.9700079]]}}, {"type": "Feature", "properties": {"name": "Müsche", "typ": "haupt", "laenge_km": 7.28}, "geometry": {"type": "LineString", "coordinates": [[7.5303606, 46.7891267], [7.5305654, 46.7903159], [7.5305247, 46.7910279], [7.5294869, 46.7948955], [7.5294719, 46.7951098], [7.5295167, 46.7954888], [7.5296463, 46.795884], [7.5306838, 46.7977957], [7.5308376, 46.7982312], [7.5309163, 46.7986005], [7.5307995, 46.8045656], [7.5306117, 46.8108901], [7.5305275, 46.8114944], [7.5303213, 46.8123751], [7.5261941, 46.827939], [7.5260952, 46.8282838], [7.5258646, 46.8288369], [7.5254451, 46.8294367], [7.5249377, 46.8299415], [7.5172156, 46.8362099], [7.5160379, 46.8372157], [7.5140378, 46.8393385], [7.5092095, 46.8445945], [7.5085462, 46.8452284], [7.5079507, 46.8456542], [7.5072925, 46.8460215], [7.5067873, 46.8462509], [7.5060728, 46.8465144], [7.5050862, 46.8467643], [7.5021993, 46.8472375]]}}, {"type": "Feature", "properties": {"name": "Rohrbach", "typ": "neben", "laenge_km": 5.11}, "geometry": {"type": "MultiLineString", "coordinates": [[[7.4254005, 46.8115991], [7.425246, 46.8115239], [7.4251104, 46.8115223], [7.4247981, 46.8116356], [7.424427, 46.8116606], [7.4241061, 46.8117361], [7.4238777, 46.8117517], [7.4233599, 46.8118785], [7.4230958, 46.8118773], [7.4228527, 46.8118093], [7.4224133, 46.8119021], [7.4221108, 46.8119298], [7.4213954, 46.8119288], [7.4211315, 46.8119803], [7.4205987, 46.8119331], [7.4200049, 46.8112673], [7.4196683, 46.8106485], [7.4194135, 46.810488], [7.4190062, 46.8103803], [7.4188718, 46.8103112], [7.4186207, 46.8101193], [7.4183577, 46.8096915], [7.4175546, 46.8091933], [7.4173501, 46.8089588], [7.4173185, 46.8088989], [7.4173354, 46.8087159], [7.4171391, 46.8084229], [7.4169687, 46.8083554], [7.4166252, 46.8083073], [7.4164182, 46.8082188], [7.4162286, 46.8082577], [7.4160482, 46.8083425], [7.4155375, 46.8086118], [7.4154366, 46.8087059], [7.4151743, 46.8087466], [7.414766, 46.80872], [7.4142255, 46.8084479], [7.4140974, 46.8083577], [7.4139598, 46.8081096], [7.4137328, 46.8080464], [7.4130545, 46.8080014], [7.4108943, 46.807927], [7.4107954, 46.8079558], [7.4105897, 46.8081078], [7.4097984, 46.8081225], [7.4092219, 46.8081933], [7.409061, 46.8082555], [7.4089226, 46.8083927], [7.4088156, 46.8084012]], [[7.4277966, 46.81357], [7.4276745, 46.8135234], [7.427597, 46.8134291], [7.4273922, 46.8132895], [7.4272053, 46.8129727], [7.4271258, 46.8127322], [7.4266792, 46.8124668], [7.426562, 46.8124473], [7.4264223, 46.8125024], [7.4260732, 46.8123303], [7.4258769, 46.8121498], [7.4256813, 46.8118261], [7.4254005, 46.8115991]], [[7.4277966, 46.81357], [7.4276145, 46.8131622], [7.4272675, 46.8127399], [7.4270109, 46.8125383], [7.4265555, 46.8122834], [7.4258119, 46.811495], [7.4254005, 46.8115991]], [[7.4297733, 46.8143905], [7.4293199, 46.8143524], [7.4290317, 46.8142615], [7.4288975, 46.8139588], [7.4285364, 46.8138924], [7.428344, 46.8138153], [7.4282389, 46.8137068], [7.4280493, 46.8136745], [7.4277966, 46.81357]], [[7.4323696, 46.8151243], [7.4321798, 46.8151376], [7.4317485, 46.8150497], [7.430579, 46.8145473], [7.4297733, 46.8143905]], [[7.4323696, 46.8151243], [7.4322553, 46.8150794], [7.4319609, 46.815039], [7.431657, 46.8149287], [7.4312512, 46.8147418], [7.4307908, 46.8144581], [7.4305169, 46.8143985], [7.4302804, 46.8143969], [7.4299682, 46.8142673], [7.4297733, 46.8143905]], [[7.4605178, 46.8132295], [7.4549029, 46.8143906], [7.4545856, 46.814472], [7.4536095, 46.8148564], [7.4532295, 46.8149762], [7.452547, 46.8150656], [7.4494226, 46.8149851], [7.4487982, 46.8149957], [7.4441216, 46.8155447], [7.4433242, 46.8156153], [7.4428899, 46.8156043], [7.4424219, 46.8155508], [7.4419245, 46.8154429], [7.439076, 46.8144246], [7.438749, 46.8143358], [7.4383469, 46.8142865], [7.4379014, 46.8143214], [7.4374506, 46.8144263], [7.4358265, 46.815122], [7.4354811, 46.8152473], [7.4351183, 46.8153158], [7.4348357, 46.8153373], [7.4335838, 46.8152995], [7.4323696, 46.8151243]]]}}, {"type": "Feature", "properties": {"name": "Rotache", "typ": "haupt", "laenge_km": 8.04}, "geometry": {"type": "MultiLineString", "coordinates": [[[7.6554503, 46.8077081], [7.6546075, 46.807449], [7.6531527, 46.8074177], [7.6529509, 46.8074419], [7.6524925, 46.80758], [7.6514297, 46.808265], [7.6512321, 46.808312], [7.6507769, 46.8082472], [7.6501778, 46.8079962], [7.6499212, 46.808041], [7.6482184, 46.8080302], [7.6474572, 46.8080917], [7.6472296, 46.8080806], [7.6465253, 46.8079031], [7.6462622, 46.8077758], [7.6457426, 46.8074403], [7.6456213, 46.8073896], [7.6453797, 46.8073656], [7.6452681, 46.8073783], [7.6450197, 46.8074919], [7.6444652, 46.8076595], [7.6440082, 46.8076289], [7.6436726, 46.8075272], [7.6435321, 46.8075309], [7.643135, 46.8076293], [7.6419537, 46.8078463], [7.6416668, 46.807943], [7.641523, 46.8080568], [7.6413705, 46.8082648], [7.6412503, 46.8083509], [7.6409775, 46.8083811], [7.6402447, 46.8081179], [7.6393138, 46.8081675], [7.6386093, 46.8081482], [7.638155, 46.8080858], [7.6367051, 46.8077], [7.6360916, 46.807445], [7.6355328, 46.8073963], [7.6352716, 46.807346], [7.6351181, 46.8073018], [7.6349764, 46.807086], [7.6343939, 46.8066483], [7.6342195, 46.8065745], [7.6337811, 46.8064746], [7.6332381, 46.8061873], [7.6330169, 46.806161], [7.632231, 46.8062685], [7.6321033, 46.8063341], [7.6319758, 46.8066095], [7.6318589, 46.8067365], [7.6317298, 46.8067988], [7.6315855, 46.8068149], [7.6313879, 46.806794], [7.6310086, 46.8067059], [7.6308538, 46.8066968], [7.630748, 46.8067271], [7.63053, 46.8069261], [7.6304067, 46.8069905], [7.629905, 46.8070876], [7.6297434, 46.8071479], [7.6295297, 46.8073227], [7.6293844, 46.8074037], [7.6292241, 46.8074386], [7.6287729, 46.8073915], [7.6285615, 46.8073058], [7.6279257, 46.80682], [7.6277661, 46.8067549], [7.6273972, 46.8066832], [7.6268298, 46.8066697], [7.6265966, 46.8066171], [7.6263331, 46.8066503], [7.6260485, 46.8066133], [7.6258003, 46.8065311], [7.6252245, 46.8061824], [7.6247878, 46.806099], [7.6243668, 46.8059605], [7.6241531, 46.8059484], [7.6239117, 46.805976], [7.623708, 46.8061277], [7.6224706, 46.8067277], [7.6220359, 46.8069213], [7.621811, 46.8069895], [7.6214194, 46.8070311], [7.6212645, 46.8070033], [7.6210494, 46.8068165], [7.6206869, 46.8066172], [7.6203314, 46.8067488], [7.6199116, 46.8067674], [7.6189235, 46.8070254], [7.6186907, 46.8070332], [7.6184547, 46.8069959], [7.6182403, 46.8068981], [7.6181077, 46.8068999], [7.6178932, 46.8069736], [7.6175953, 46.8071312], [7.6168069, 46.8072698], [7.6163756, 46.8073788], [7.6158125, 46.8074004], [7.6156987, 46.8074335], [7.6150965, 46.8078731], [7.6147864, 46.8080398], [7.6145734, 46.8082603], [7.6139358, 46.8087469], [7.612573, 46.8092344], [7.6124954, 46.8093001], [7.6124656, 46.8093881], [7.6127118, 46.8101685], [7.6127264, 46.8103329], [7.6126746, 46.8104925], [7.6123892, 46.8107663], [7.6120194, 46.8109445], [7.6115462, 46.811119], [7.6107111, 46.8116166], [7.6104196, 46.8119661], [7.6099323, 46.8128587], [7.6097718, 46.8130166], [7.6091606, 46.8133316], [7.6088706, 46.8133736], [7.6086595, 46.8133417], [7.6081294, 46.8131936], [7.6075203, 46.8131102], [7.6071793, 46.8129082], [7.6061074, 46.8119757], [7.6057139, 46.8118312], [7.6049263, 46.8116452], [7.6045763, 46.8116292], [7.6039167, 46.8117094], [7.6035821, 46.8118077], [7.6030405, 46.8120539], [7.6022563, 46.8122947], [7.6012467, 46.812358], [7.6005176, 46.8123557], [7.5996148, 46.8125257], [7.5991202, 46.812502], [7.5987098, 46.8124045], [7.5983069, 46.8122446], [7.5979047, 46.8120082], [7.5976113, 46.8117815], [7.5969821, 46.8114968], [7.5964373, 46.8113324], [7.5954267, 46.8110921], [7.5952166, 46.8110142], [7.5950116, 46.8109077], [7.5947087, 46.8106413], [7.5944743, 46.8105002], [7.594295, 46.8104559], [7.5929163, 46.8102762], [7.5921089, 46.8100831], [7.5918276, 46.8100453], [7.5916036, 46.8100523], [7.5913468, 46.8101013], [7.5905435, 46.8104454], [7.5903491, 46.8105013], [7.5901159, 46.8105206], [7.5899261, 46.8104881], [7.5897357, 46.8104], [7.5891374, 46.8099624], [7.5889031, 46.8098356], [7.588508, 46.8097079], [7.5863451, 46.8094662], [7.5849967, 46.8095316], [7.5846819, 46.8094711], [7.5838162, 46.8091979], [7.5836506, 46.8091796], [7.5815928, 46.809214], [7.5806783, 46.808998], [7.5793349, 46.8087906], [7.5783757, 46.808485], [7.5778615, 46.8082448], [7.5775605, 46.8081393], [7.576324, 46.8079579], [7.5755356, 46.8077584], [7.5748169, 46.8076692], [7.5728195, 46.8073404], [7.5719553, 46.8073271], [7.5710875, 46.8074205], [7.5700834, 46.8073967], [7.5696986, 46.8074232], [7.56871, 46.8077019]], [[7.6587387, 46.8070028], [7.6582758, 46.8067691], [7.6581212, 46.8067168], [7.6578142, 46.8066719], [7.6575436, 46.8066909], [7.65733, 46.806799], [7.6565087, 46.8068797], [7.6563777, 46.8069112], [7.6562996, 46.8070294], [7.6559945, 46.8071641], [7.6559226, 46.8073523], [7.6557573, 46.8074581], [7.655606, 46.8076515], [7.6554503, 46.8077081]], [[7.6558076, 46.8077734], [7.6555845, 46.8077052], [7.6554503, 46.8077081]]]}}, {"type": "Feature", "properties": {"name": "Saane", "typ": "haupt", "laenge_km": 11.1}, "geometry": {"type": "LineString", "coordinates": [[7.2198906, 46.8996496], [7.2220036, 46.9017251], [7.2224728, 46.9021458], [7.2229714, 46.9024966], [7.2236471, 46.902852], [7.2246531, 46.9031491], [7.2255274, 46.9033468], [7.2271633, 46.9035136], [7.2280851, 46.9035617], [7.228814, 46.9036345], [7.2297771, 46.9037826], [7.2307502, 46.9040164], [7.2314679, 46.9043033], [7.2322373, 46.9047081], [7.232663, 46.9050659], [7.2331452, 46.9056558], [7.2337453, 46.9067515], [7.2339643, 46.9075992], [7.2341746, 46.9089134], [7.2344246, 46.9112063], [7.2346778, 46.9121826], [7.2348365, 46.9124828], [7.235777, 46.9135792], [7.2365518, 46.9144136], [7.2391942, 46.9174123], [7.2395949, 46.9180033], [7.2398844, 46.9186226], [7.2399613, 46.9189423], [7.2399945, 46.9194193], [7.2398448, 46.9204519], [7.2397529, 46.9208564], [7.2396128, 46.9211846], [7.2390927, 46.9227878], [7.2387706, 46.9239656], [7.2387255, 46.9245422], [7.2387519, 46.9256102], [7.2389499, 46.9268087], [7.2391087, 46.9273118], [7.2417139, 46.9322381], [7.2427977, 46.9341509], [7.2444743, 46.9373236], [7.2452264, 46.9384311], [7.2458993, 46.9391386], [7.2462507, 46.9396019], [7.2465431, 46.9402459], [7.2465835, 46.9406059], [7.2464425, 46.9411673], [7.246257, 46.9415283], [7.2460126, 46.9418468], [7.2451099, 46.9425807], [7.2444863, 46.9430199], [7.2425618, 46.9444869], [7.2403134, 46.9463647], [7.2369955, 46.949037], [7.2350771, 46.9508525], [7.2344318, 46.9516143], [7.2342865, 46.95218], [7.2343622, 46.9528425], [7.2345679, 46.9534841], [7.234808, 46.9537977], [7.2353953, 46.9543101], [7.2358276, 46.95476], [7.2366438, 46.9551707], [7.2379713, 46.9556406], [7.2390021, 46.9561703], [7.2400767, 46.9567927], [7.241031, 46.95756], [7.2429125, 46.9600942], [7.2443626, 46.9619607], [7.2451468, 46.962915], [7.2456725, 46.963484], [7.2462632, 46.964061], [7.2498171, 46.9669257], [7.2506519, 46.9677073], [7.2511318, 46.9682578], [7.2514395, 46.96885], [7.2516742, 46.9695284], [7.2517416, 46.96995], [7.2517739, 46.9705601], [7.2516719, 46.9712851], [7.2509901, 46.9737553], [7.2509394, 46.9740249], [7.2509168, 46.9750119], [7.2510328, 46.9757608], [7.2512409, 46.9764025], [7.2515678, 46.9769869], [7.2518574, 46.9772858], [7.252422, 46.9777344], [7.2532927, 46.9781416], [7.2541983, 46.9784206], [7.2549818, 46.9786025], [7.2555858, 46.978716], [7.2584383, 46.979019], [7.2607896, 46.9793103], [7.2612257, 46.9793266], [7.2616504, 46.9792933]]}}, {"type": "Feature", "properties": {"name": "Saane | La Sarine", "typ": "haupt", "laenge_km": 1.31}, "geometry": {"type": "LineString", "coordinates": [[7.20986, 46.8900617], [7.2117779, 46.8917349], [7.2130876, 46.8929774], [7.2198906, 46.8996496]]}}, {"type": "Feature", "properties": {"name": "Scherlibach", "typ": "neben", "laenge_km": 13.29}, "geometry": {"type": "MultiLineString", "coordinates": [[[7.3827146, 46.8847061], [7.3823568, 46.8846252], [7.3820851, 46.8846158], [7.3817405, 46.8846854], [7.3805453, 46.8847824], [7.3802523, 46.8848796], [7.3794454, 46.8850741], [7.3786608, 46.8851895], [7.3773713, 46.8850508], [7.3769151, 46.8849048], [7.3767692, 46.884899], [7.3766394, 46.8849557], [7.3760494, 46.885847], [7.3755327, 46.8860831], [7.3749262, 46.8862303], [7.3747308, 46.886313], [7.3745829, 46.8863317], [7.3744693, 46.886297], [7.3743958, 46.8862207], [7.3743669, 46.8860488], [7.3742101, 46.8857869], [7.3741074, 46.8854743], [7.374083, 46.8850804], [7.3740294, 46.8849767], [7.3736539, 46.8848327], [7.373524, 46.8847116], [7.3731981, 46.8845485], [7.3730223, 46.8843784], [7.3724401, 46.8841311], [7.3723148, 46.8840479], [7.3709051, 46.8836829], [7.3701794, 46.8833414], [7.3699484, 46.8831571], [7.3696612, 46.8830068], [7.3689111, 46.8829428], [7.3688529, 46.882983], [7.3687424, 46.8832196], [7.3684303, 46.8832839], [7.3680652, 46.8832896], [7.367691, 46.8831653], [7.3676274, 46.8831192], [7.3674361, 46.8830967], [7.3673497, 46.8831742], [7.367207, 46.8832369], [7.366925, 46.8832902], [7.3666762, 46.883294], [7.366536, 46.8833423], [7.3663717, 46.8833232], [7.365999, 46.8833769], [7.3651213, 46.8833533], [7.3647081, 46.8833791], [7.3635591, 46.883664], [7.3634635, 46.8836424], [7.3631619, 46.8834843], [7.363078, 46.883243], [7.3628636, 46.8829268], [7.3627761, 46.8828861], [7.3625074, 46.8828562], [7.3621722, 46.882892], [7.3619108, 46.8829777], [7.3615847, 46.8834545], [7.3613393, 46.8836017], [7.361071, 46.8836398], [7.3603423, 46.8835747], [7.3601353, 46.8835973], [7.3596655, 46.8840558], [7.3594466, 46.884088], [7.359141, 46.8843269], [7.359044, 46.8843624], [7.3588203, 46.8842972], [7.3586096, 46.8843358], [7.358475, 46.8843932], [7.3578512, 46.8843818], [7.3573016, 46.8844264], [7.3569952, 46.8844188], [7.3559298, 46.8842257], [7.3550078, 46.8841828], [7.3546113, 46.8842401], [7.3538307, 46.8845025], [7.3535478, 46.8846427], [7.3532809, 46.8848904]], [[7.3841635, 46.8844323], [7.3839727, 46.8845293], [7.3832114, 46.8846206], [7.3828069, 46.8847041], [7.3827461, 46.8847107], [7.3827146, 46.8847061]], [[7.3841635, 46.8844323], [7.3841084, 46.8844159], [7.3836358, 46.8845198], [7.3829125, 46.8845684], [7.3827146, 46.8847061]], [[7.4464507, 46.8687869], [7.4463577, 46.8688357], [7.4462672, 46.8689768], [7.4455698, 46.8690743], [7.4454254, 46.8690158], [7.445256, 46.8690548], [7.4450594, 46.868985], [7.4448257, 46.8687904], [7.4447695, 46.8686808], [7.4445162, 46.8685287], [7.4444668, 46.8684308], [7.4443989, 46.8683962], [7.4442686, 46.8683751], [7.4440291, 46.868441], [7.4438844, 46.8684273], [7.4437077, 46.8684569], [7.4436175, 46.868513], [7.4432741, 46.8686167], [7.4431148, 46.868629], [7.44283, 46.8688434], [7.4424727, 46.8689955], [7.442428, 46.8690628], [7.4420717, 46.8692428], [7.4419859, 46.8693354], [7.4419802, 46.8695182], [7.4418083, 46.8696857], [7.4416937, 46.8697508], [7.441653, 46.8698402], [7.4413972, 46.8701118], [7.441148, 46.8701468], [7.4408011, 46.8702429], [7.4405749, 46.8702593], [7.4404824, 46.8703199], [7.4401228, 46.8708668], [7.440109, 46.8709486], [7.4401455, 46.8710097], [7.4397742, 46.8712861], [7.4392063, 46.8714492], [7.4386735, 46.8714911], [7.4384811, 46.8716059], [7.4381663, 46.8716966], [7.4379275, 46.8716909], [7.4373433, 46.8714875], [7.4368072, 46.8715228], [7.4366504, 46.871659], [7.4364588, 46.8717435], [7.4362435, 46.8719238], [7.4359307, 46.8720216], [7.4357089, 46.8721463], [7.4355847, 46.8721493], [7.4353598, 46.8720996], [7.4350797, 46.8721298], [7.4349348, 46.872306], [7.4347193, 46.872435], [7.4345801, 46.8725995], [7.4344904, 46.8728102], [7.434334, 46.8729787], [7.4341006, 46.8730909], [7.4337482, 46.8733268], [7.4332867, 46.8733983], [7.4326619, 46.8736993], [7.432483, 46.8737172], [7.4321602, 46.8736969], [7.4319525, 46.8737429], [7.4317238, 46.8738524], [7.4315075, 46.873854], [7.4313843, 46.8739284], [7.431217, 46.8738963], [7.4309005, 46.8739559], [7.4305886, 46.8741746], [7.430376, 46.8742726], [7.4303497, 46.8743609], [7.4300208, 46.8744246], [7.4296965, 46.8744163], [7.4296161, 46.8744914], [7.4292819, 46.8745943], [7.4291326, 46.8746746], [7.4289235, 46.8747208], [7.4288097, 46.8748009], [7.4288067, 46.8749117], [7.4287659, 46.8749565], [7.4285002, 46.8750562], [7.4283955, 46.8751383], [7.4284263, 46.8751886], [7.4283681, 46.8752538], [7.4282711, 46.8755302], [7.4281937, 46.8756007], [7.4281093, 46.8757706], [7.4280988, 46.8759796], [7.4277381, 46.8760952], [7.4275327, 46.8760561], [7.4273862, 46.8761273], [7.426921, 46.8760434], [7.4267923, 46.8761608], [7.4267191, 46.8763129], [7.4264204, 46.8764853], [7.4263754, 46.8768203], [7.4265116, 46.8769589], [7.4265939, 46.8773362], [7.4264791, 46.8777148], [7.4263503, 46.8778739], [7.4262318, 46.877958], [7.4254077, 46.8783147], [7.4251628, 46.8783684], [7.4249442, 46.8783844], [7.4239956, 46.8782729], [7.4236838, 46.8783186], [7.4236368, 46.8784292], [7.4236918, 46.878608], [7.4236598, 46.8787613], [7.4231829, 46.8790982], [7.4229044, 46.8794209], [7.422675, 46.8796014], [7.4225729, 46.8796531], [7.4222796, 46.8796844], [7.4220562, 46.8797608], [7.4218352, 46.8800167], [7.4215607, 46.8801542], [7.4211886, 46.8801988], [7.4209429, 46.8801734], [7.4208096, 46.8801898], [7.4206769, 46.8803175], [7.4204143, 46.8807208], [7.4202808, 46.8808129], [7.4199491, 46.8809387], [7.4196323, 46.8809453], [7.419339, 46.8808849], [7.4190599, 46.8807843], [7.4188067, 46.8806757], [7.4185068, 46.8804122], [7.4182374, 46.8802637], [7.4180421, 46.8800992], [7.4177823, 46.8800099], [7.4175772, 46.8799869], [7.41707, 46.8798062], [7.4167478, 46.8797765], [7.4166759, 46.8797895], [7.4164881, 46.8799187], [7.4163376, 46.879938], [7.4156773, 46.8798679], [7.415505, 46.8798247], [7.4149224, 46.8795756], [7.4148188, 46.8794152], [7.4146636, 46.8793071], [7.4140166, 46.8790716], [7.4138257, 46.8788978], [7.413736, 46.8788827], [7.413642, 46.8789166], [7.4134107, 46.8790892], [7.4128759, 46.8791798], [7.4125631, 46.8793063], [7.4120957, 46.8793617], [7.4116078, 46.8795514], [7.4111177, 46.8796168], [7.410951, 46.8798046], [7.4107153, 46.879883], [7.4106566, 46.8799625], [7.4106846, 46.8800702], [7.4109179, 46.8802114], [7.4109093, 46.8802968], [7.4105648, 46.8806979], [7.410275, 46.8811093], [7.4101444, 46.8812023], [7.4099125, 46.8812907], [7.4097756, 46.8812882], [7.4092951, 46.8811617], [7.4090642, 46.88114], [7.4086944, 46.8812365], [7.4084198, 46.8814132], [7.4081226, 46.8815103], [7.4073818, 46.8815187], [7.4069555, 46.881452], [7.4065672, 46.8814509], [7.4061443, 46.8815176], [7.4057716, 46.8816804], [7.4055305, 46.8817237], [7.4052269, 46.8816854], [7.4050735, 46.881586], [7.4049743, 46.8815688], [7.4046588, 46.8816727], [7.4042931, 46.8819731], [7.4041391, 46.8822632], [7.4038854, 46.8826137], [7.4038321, 46.8827747], [7.4038713, 46.8829607], [7.4038005, 46.8830859], [7.4036833, 46.8831185], [7.4034715, 46.8831121], [7.4032844, 46.8830659], [7.4031703, 46.8830753], [7.4030202, 46.8831582], [7.4028416, 46.8834358], [7.4027039, 46.8834968], [7.4025794, 46.8834751], [7.4024313, 46.8833646], [7.4021763, 46.8832854], [7.4020376, 46.8833173], [7.4019081, 46.8834188], [7.4017642, 46.8834686], [7.4011443, 46.8834327], [7.4004074, 46.8834805], [7.4000831, 46.8834397], [7.3996362, 46.8832507], [7.3993322, 46.8831843], [7.3985099, 46.88317], [7.3978314, 46.8832765], [7.39761, 46.8832778], [7.3972693, 46.8831743], [7.3970366, 46.8830502], [7.3968254, 46.8830213], [7.3964092, 46.8831267], [7.3959912, 46.883563], [7.3958641, 46.8835969], [7.3957565, 46.883574], [7.3955841, 46.8834434], [7.3953798, 46.8833801], [7.3947542, 46.8833669], [7.3944844, 46.8832208], [7.3942856, 46.8830599], [7.3941321, 46.8830242], [7.3934442, 46.8830023], [7.3931852, 46.8828914], [7.3927815, 46.8826411], [7.3925806, 46.8825778], [7.3921352, 46.8826223], [7.3919576, 46.8827075], [7.39171, 46.8829386], [7.3913684, 46.8830736], [7.3910302, 46.8830812], [7.3907407, 46.883167], [7.3903351, 46.8832181], [7.390016, 46.8831909], [7.3884139, 46.882709], [7.3880454, 46.8825644], [7.3878359, 46.8825309], [7.3876934, 46.8825508], [7.3875472, 46.8826775], [7.3874847, 46.8826894], [7.3873925, 46.8827947], [7.3872759, 46.8833644], [7.3873297, 46.8835739], [7.3874275, 46.8837079], [7.3874369, 46.8838484], [7.3873939, 46.8839892], [7.3871015, 46.8842173], [7.3867418, 46.884383], [7.3865749, 46.8844186], [7.3863771, 46.8844203], [7.3863103, 46.8843867], [7.3861951, 46.8841941], [7.3860152, 46.8839953], [7.3859359, 46.8839314], [7.3858193, 46.8839097], [7.3854174, 46.8840394], [7.3852142, 46.8841451], [7.3851434, 46.8842425], [7.3850752, 46.8842755], [7.3845596, 46.8844073], [7.3841635, 46.8844323]], [[7.4405232, 46.8587841], [7.4406903, 46.8588127], [7.4410776, 46.8587925], [7.4413233, 46.858845], [7.4415564, 46.8590626], [7.441819, 46.8592177], [7.4424636, 46.8594447], [7.4433398, 46.859943], [7.4436204, 46.8599489], [7.4436808, 46.8600232], [7.443633, 46.8601051], [7.4436518, 46.8601368], [7.4440677, 46.8602665], [7.4439583, 46.8604542], [7.444212, 46.8605192], [7.4442502, 46.8606313], [7.4446357, 46.8609433], [7.4446727, 46.8610788], [7.4446009, 46.8615508], [7.4447556, 46.8619371], [7.4450142, 46.8620905], [7.4457721, 46.8623489], [7.4458347, 46.8624403], [7.4459679, 46.8624653], [7.4460487, 46.8625185], [7.4463294, 46.8625306], [7.4466137, 46.862588], [7.4467806, 46.8627581], [7.4468029, 46.8629612], [7.4468596, 46.8630471], [7.446981, 46.8636187], [7.4471458, 46.8641238], [7.447412, 46.864406], [7.4475657, 46.8644937], [7.447742, 46.8647538], [7.4480433, 46.8650913], [7.4484226, 46.8658447], [7.448074, 46.8665463], [7.4477994, 46.8668361], [7.4474639, 46.867048], [7.4473956, 46.8671575], [7.4473623, 46.8673546], [7.4474078, 46.8676119], [7.4465596, 46.8679574], [7.4465708, 46.8681405], [7.446419, 46.8684147], [7.4464476, 46.8684905], [7.4463678, 46.8685799], [7.4464351, 46.8686379], [7.446412, 46.8687057], [7.4464507, 46.8687869]], [[7.4597874, 46.8623833], [7.4592774, 46.8624926], [7.4591842, 46.8625378], [7.4590896, 46.862524], [7.458846, 46.8626298], [7.4585325, 46.8627054], [7.4581122, 46.8627244], [7.4573728, 46.8629634], [7.4568172, 46.8630712], [7.4557417, 46.8633468], [7.454275, 46.8639759], [7.4540216, 46.8643336], [7.4534004, 46.864926], [7.4534316, 46.8653078], [7.4533039, 46.8655308], [7.4531917, 46.8656403], [7.452522, 46.8658594], [7.4524261, 46.8658813], [7.4522819, 46.8658594], [7.4520745, 46.8659251], [7.4519311, 46.8660455], [7.4516435, 46.8664398], [7.4512771, 46.8668449], [7.4511648, 46.8669435], [7.451037, 46.8669873], [7.4509419, 46.867064], [7.450846, 46.8672391], [7.4504577, 46.8676511], [7.4500527, 46.8682509], [7.4492421, 46.8687701], [7.4488624, 46.8689348], [7.448628, 46.8689225], [7.4478011, 46.8690551], [7.4476496, 46.8689293], [7.4473673, 46.8687791], [7.447224, 46.86878], [7.4470778, 46.8688204], [7.4467538, 46.8687636], [7.4465089, 46.868763], [7.4464507, 46.8687869]], [[7.4588573, 46.8609314], [7.4595256, 46.8617928], [7.4597874, 46.8623833]], [[7.46631, 46.8580839], [7.4653211, 46.8595835], [7.4648902, 46.86012], [7.464747, 46.860558], [7.4642047, 46.8611603], [7.4640449, 46.8612588], [7.4636676, 46.8613555], [7.4627282, 46.861759], [7.4621655, 46.8619285], [7.460791, 46.8622342], [7.4606291, 46.8622419], [7.4600944, 46.8623591], [7.4599447, 46.8623524], [7.4597874, 46.8623833]]]}}, {"type": "Feature", "properties": {"name": "Schwarzbach", "typ": "neben", "laenge_km": 6.81}, "geometry": {"type": "LineString", "coordinates": [[7.5745709, 46.8926839], [7.574131, 46.8929766], [7.5737304, 46.8931298], [7.5732106, 46.8932119], [7.5690233, 46.8933064], [7.5688085, 46.8943835], [7.5671095, 46.8957544], [7.5656755, 46.8971103], [7.5653838, 46.8975212], [7.564861, 46.8994268], [7.5647564, 46.9001508], [7.5645553, 46.9007912], [7.5644703, 46.901335], [7.5640544, 46.9032252], [7.5638724, 46.9036662], [7.5637486, 46.9038986], [7.563653, 46.903999], [7.5636039, 46.9041595], [7.5637105, 46.904598], [7.5631575, 46.9049664], [7.5619734, 46.9058741], [7.5617364, 46.9063983], [7.5610009, 46.9074654], [7.5608116, 46.9076867], [7.5599913, 46.9077392], [7.5588102, 46.9078692], [7.558066, 46.907746], [7.5576635, 46.907624], [7.5570027, 46.907496], [7.5561976, 46.907465], [7.5559528, 46.9073913], [7.5552236, 46.9072594], [7.554949, 46.9072546], [7.5545096, 46.9071992], [7.5535716, 46.9074582], [7.5533439, 46.9075536], [7.5518433, 46.9084566], [7.5516532, 46.9085047], [7.550627, 46.9089522], [7.5498681, 46.909166], [7.5494212, 46.9092183], [7.549048, 46.9091623], [7.5484863, 46.9092921], [7.5478201, 46.9093224], [7.5472885, 46.9095166], [7.546971, 46.9095186], [7.5468037, 46.9095114], [7.5456799, 46.9092341], [7.544946, 46.9091198], [7.5448442, 46.9090806], [7.5444313, 46.9090624], [7.5441428, 46.9089456], [7.5437846, 46.9087037], [7.5437107, 46.9086158], [7.5434395, 46.9084432], [7.543302, 46.9083946], [7.5431015, 46.9082307], [7.5428703, 46.9081039], [7.5426039, 46.9078891], [7.5424729, 46.9077111], [7.5422818, 46.9073928], [7.5421576, 46.9069235], [7.5420463, 46.9066834], [7.5420668, 46.9063241], [7.5420144, 46.9056197], [7.5421446, 46.9053446], [7.5416832, 46.9052042], [7.5420204, 46.9046171], [7.5420493, 46.9044664], [7.5419624, 46.9042353], [7.5418497, 46.9040756], [7.541635, 46.9039098], [7.5413734, 46.9037576], [7.5411358, 46.9037292], [7.540065, 46.9026394], [7.5396434, 46.9021081], [7.53962, 46.9020065], [7.539693, 46.9019201], [7.5396753, 46.9018311], [7.5395603, 46.901378], [7.5394626, 46.901202], [7.539525, 46.9009393], [7.5400705, 46.9001666], [7.5402948, 46.8997469], [7.5404076, 46.8982106], [7.5404714, 46.8978687], [7.540475, 46.897298], [7.5403453, 46.8967023], [7.5403623, 46.8965119], [7.5413702, 46.8952068], [7.541585, 46.8949496], [7.5417348, 46.8948599], [7.5419787, 46.8945665], [7.5424441, 46.8939244], [7.5429847, 46.8934023], [7.543845, 46.8928016], [7.5436387, 46.8926229], [7.5436796, 46.8922421], [7.5437486, 46.8920383], [7.5438428, 46.891903], [7.5443307, 46.8914304], [7.5445215, 46.8910113], [7.5446103, 46.8909751], [7.5447599, 46.8907503], [7.5449458, 46.8906606], [7.5450898, 46.8904282], [7.545284, 46.8903709], [7.5453975, 46.8901728], [7.5455779, 46.8900698], [7.5457025, 46.8899002], [7.5460883, 46.8897628], [7.5463212, 46.8895969], [7.5465739, 46.8895376], [7.5466647, 46.8891149], [7.5467727, 46.8889872], [7.5468058, 46.8888748], [7.5468973, 46.8887815], [7.5470388, 46.888728], [7.547269, 46.8885659], [7.547449, 46.8882802], [7.5476569, 46.8881296], [7.5478036, 46.8878591], [7.5479424, 46.8878056], [7.5480059, 46.8876589], [7.5481917, 46.8874874], [7.5484129, 46.8870436], [7.548379, 46.8867142], [7.5482313, 46.8864668], [7.5482116, 46.8863431], [7.5479971, 46.8860234], [7.547794, 46.8858675], [7.5476106, 46.8857763], [7.5469241, 46.8854951], [7.546699, 46.8854249], [7.5463156, 46.8853662], [7.5460408, 46.885416], [7.5456555, 46.8857857], [7.5453166, 46.8859378]]}}, {"type": "Feature", "properties": {"name": "Schwarzwasser", "typ": "haupt", "laenge_km": 16.38}, "geometry": {"type": "MultiLineString", "coordinates": [[[7.3802301, 46.8425197], [7.3804601, 46.8425674], [7.3815519, 46.8425743], [7.3817558, 46.8426151], [7.3821243, 46.8427927], [7.3823202, 46.8428203], [7.3825944, 46.8428228], [7.3829474, 46.8427255], [7.383081, 46.8427334], [7.3833703, 46.8427897], [7.3837719, 46.8430122], [7.383813, 46.8431835], [7.3836374, 46.8438739], [7.3834496, 46.8442368], [7.383084, 46.8445429], [7.3830207, 46.8446352], [7.382969, 46.8449919], [7.3830754, 46.8452804], [7.3833624, 46.8456022], [7.3836945, 46.8462308], [7.3839061, 46.8464544], [7.3843406, 46.846784], [7.3844046, 46.8468756], [7.3844818, 46.8472364], [7.3844654, 46.8474251], [7.3842924, 46.8478041], [7.384502, 46.8482315], [7.3846313, 46.8486451], [7.384769, 46.8488008], [7.3850545, 46.8489823], [7.3858009, 46.8493311], [7.3861504, 46.8495354], [7.3863954, 46.849651], [7.3867021, 46.8496876], [7.387106, 46.8497901], [7.3878583, 46.8501444], [7.3881267, 46.850311], [7.3883375, 46.8505264], [7.3886725, 46.8507174], [7.3889905, 46.8509588], [7.3892728, 46.8512886], [7.3896213, 46.8518049], [7.3900862, 46.8522125], [7.3902056, 46.8523581], [7.3901988, 46.8526973], [7.3901331, 46.8528055], [7.3895559, 46.8530616], [7.3890315, 46.8531849], [7.3882056, 46.8534428], [7.3875056, 46.8535832], [7.3870327, 46.8538806], [7.3866504, 46.8540702], [7.3862721, 46.8543576], [7.3859482, 46.8547048], [7.3858484, 46.8548633], [7.385854, 46.8550736], [7.385736, 46.8553571], [7.3856679, 46.8561354], [7.3857313, 46.8569856], [7.3855556, 46.8572936], [7.3853338, 46.8575431], [7.3850216, 46.8580059], [7.3844629, 46.8591214], [7.3842316, 46.8594741], [7.3839824, 46.8595767], [7.3837004, 46.859588], [7.3832429, 46.859465], [7.3825491, 46.8594047], [7.3822064, 46.8594731], [7.3818392, 46.8596157], [7.3813807, 46.8598782], [7.3812032, 46.8601133], [7.3811928, 46.8602406], [7.3810481, 46.8604906], [7.3805431, 46.8610276], [7.3797255, 46.8615359], [7.3794726, 46.8616141], [7.378998, 46.8615773], [7.3788313, 46.861525], [7.3783922, 46.8612967], [7.3782149, 46.8610342], [7.3780702, 46.8606629], [7.377921, 46.8606313], [7.3777004, 46.8604179], [7.3776184, 46.8603782], [7.377373, 46.8603413], [7.3769731, 46.8603716], [7.3767125, 46.8604835], [7.3764127, 46.8607077], [7.3757665, 46.8610168], [7.3756118, 46.861119], [7.3749474, 46.8618369], [7.3748434, 46.8621558], [7.3746992, 46.8623931], [7.3744718, 46.8625822], [7.3743495, 46.8626139], [7.3740573, 46.8625868], [7.3738524, 46.8625261], [7.3736405, 46.8622781], [7.3734036, 46.8617236], [7.3729164, 46.8614431], [7.372753, 46.8613907], [7.3724646, 46.8613772], [7.3717992, 46.8614542], [7.3714977, 46.8615665], [7.3709553, 46.8617065], [7.3700532, 46.8618665], [7.3690495, 46.8623838], [7.3685148, 46.8627484], [7.3676761, 46.8636201], [7.3674869, 46.8639442], [7.3673154, 46.8644035], [7.3670708, 46.8645787], [7.3667595, 46.864687], [7.3664357, 46.8647105], [7.3655828, 46.8646837], [7.3652068, 46.8646037], [7.3649113, 46.8645057], [7.3633741, 46.8645524], [7.3629951, 46.8645988], [7.3623411, 46.8645672], [7.3621755, 46.8645325], [7.3619108, 46.8643976], [7.3615635, 46.8641502], [7.3613307, 46.8638646], [7.3608132, 46.8635933], [7.3600249, 46.8633159], [7.3593077, 46.8631923]], [[7.3782488, 46.8410924], [7.378806, 46.8412538], [7.379546, 46.8417705], [7.3798706, 46.8422515], [7.3800329, 46.8424134], [7.3802301, 46.8425197]], [[7.3782488, 46.8410924], [7.3788771, 46.8416549], [7.3789558, 46.8416856], [7.3792807, 46.8420396], [7.379379, 46.8420734], [7.3795077, 46.8422312], [7.3797717, 46.8424587], [7.3799477, 46.8425156], [7.3802301, 46.8425197]], [[7.3862059, 46.8324036], [7.3860181, 46.8323476], [7.385842, 46.8322424], [7.3857347, 46.832106], [7.3856866, 46.8318861], [7.3855965, 46.8317533], [7.3854154, 46.8316638], [7.384854, 46.8315663], [7.3846552, 46.8315849], [7.3843799, 46.8316765], [7.3840944, 46.8318814], [7.384003, 46.8319945], [7.3839457, 46.832188], [7.3840552, 46.8328842], [7.3841357, 46.8329925], [7.3844755, 46.8332447], [7.3846089, 46.8334112], [7.384624, 46.8336975], [7.3844603, 46.8339245], [7.3844096, 46.8344823], [7.3843485, 46.8345538], [7.3842372, 46.8346142], [7.3840867, 46.8346293], [7.3833498, 46.8345507], [7.3830183, 46.8345886], [7.382835, 46.8346862], [7.3813299, 46.8352191], [7.381199, 46.8353278], [7.3810919, 46.8355378], [7.3809894, 46.8356341], [7.3805246, 46.8359023], [7.3801778, 46.8360461], [7.3798638, 46.8359875], [7.3793517, 46.8356789], [7.3791184, 46.8356174], [7.3785231, 46.8355563], [7.3782529, 46.835398], [7.3777584, 46.8348869], [7.3776017, 46.8345825], [7.377397, 46.8343107], [7.3770045, 46.8339457], [7.3768755, 46.8338778], [7.3767092, 46.8338423], [7.3763262, 46.8338274], [7.3760278, 46.8338776], [7.3757401, 46.8339787], [7.3754853, 46.834128], [7.3749213, 46.8345332], [7.3746172, 46.8350651], [7.3746425, 46.8353737], [7.3745075, 46.8360621], [7.3744681, 46.8361297], [7.3738909, 46.8363945], [7.3736268, 46.836937], [7.3735571, 46.8372547], [7.373889, 46.8374607], [7.374195, 46.8375853], [7.3743421, 46.8376822], [7.374427, 46.8377823], [7.3745157, 46.8380435], [7.375223, 46.8386828], [7.3752595, 46.8387748], [7.3752545, 46.8388586], [7.3749668, 46.8392675], [7.3746225, 46.8399858], [7.3744306, 46.8406287], [7.3744106, 46.8409848], [7.374454, 46.8410864], [7.3747432, 46.8411583], [7.3750275, 46.8411464], [7.3756992, 46.841008], [7.3767124, 46.8407185], [7.3769837, 46.8406851], [7.3778863, 46.8408853], [7.3782488, 46.8410924]], [[7.3907853, 46.8337629], [7.3899324, 46.833889], [7.3892184, 46.8337455], [7.3886277, 46.8336756], [7.3885329, 46.8336133], [7.3885638, 46.8335122], [7.3885259, 46.8334427], [7.3883062, 46.8332147], [7.3876821, 46.832814], [7.3874813, 46.8327943], [7.3870062, 46.8329358], [7.3868678, 46.8329451], [7.3866779, 46.8328231], [7.3863849, 46.8324966], [7.3862059, 46.8324036]], [[7.3907853, 46.8337629], [7.3904908, 46.8336249], [7.3897472, 46.8334785], [7.3893131, 46.8332769], [7.3890119, 46.8330429], [7.388727, 46.8329091], [7.3884204, 46.8328043], [7.3876931, 46.8326348], [7.3872046, 46.8324407], [7.3869577, 46.8323784], [7.386613, 46.8323641], [7.3862059, 46.8324036]], [[7.3930066, 46.8332433], [7.3926412, 46.8335056], [7.3922762, 46.8336695], [7.3920616, 46.8337256], [7.3916994, 46.8337911], [7.3910345, 46.8337618], [7.3907853, 46.8337629]], [[7.3932352, 46.8321808], [7.3931517, 46.8322726], [7.3931398, 46.8323532], [7.3932324, 46.8327598], [7.3930066, 46.8332433]], [[7.3932352, 46.8321808], [7.3936425, 46.8327912], [7.393233, 46.8331195], [7.3930066, 46.8332433]], [[7.3969653, 46.828572], [7.3970248, 46.8287485], [7.3970215, 46.8291133], [7.3968381, 46.8295979], [7.3968142, 46.8299108], [7.396681, 46.8301768], [7.3955211, 46.8305317], [7.3949549, 46.830624], [7.394588, 46.830733], [7.3937883, 46.8307236], [7.3934216, 46.8307681], [7.3932505, 46.8308775], [7.3928124, 46.8314074], [7.3927982, 46.8314848], [7.3932352, 46.8321808]], [[7.3977577, 46.828791], [7.3969653, 46.828572]], [[7.4012636, 46.8253803], [7.4011463, 46.8257994], [7.4010081, 46.826086], [7.4008447, 46.8263294], [7.4004534, 46.8267409], [7.4003127, 46.8267993], [7.3996553, 46.826935], [7.3994262, 46.8270336], [7.3992607, 46.8271402], [7.3990515, 46.8274571], [7.3989191, 46.8275556], [7.3987452, 46.8276141], [7.3984468, 46.8276287], [7.3977764, 46.8278198], [7.3974856, 46.8279825], [7.3971945, 46.828209], [7.3969771, 46.8284815], [7.3969653, 46.828572]], [[7.4028057, 46.8233436], [7.4024183, 46.8237358], [7.4020814, 46.8239435], [7.4016198, 46.8241536], [7.4015638, 46.8243538], [7.4013397, 46.8247243], [7.4012636, 46.8253803]], [[7.4028057, 46.8233436], [7.4026689, 46.8238668], [7.4025311, 46.8241662], [7.4018424, 46.8249953], [7.4012636, 46.8253803]], [[7.4087578, 46.8034228], [7.4087958, 46.8035994], [7.4087407, 46.8037054], [7.4084407, 46.8039698], [7.4084203, 46.8040452], [7.4085627, 46.8055216], [7.4089236, 46.8064089], [7.4089317, 46.8065409], [7.4088194, 46.8068717], [7.4087764, 46.8073156], [7.4087221, 46.8074928], [7.408766, 46.8082599], [7.4088156, 46.8084012], [7.4087966, 46.808702], [7.4085938, 46.809188], [7.4084493, 46.8097252], [7.4083119, 46.8099313], [7.4082055, 46.8100094], [7.4077012, 46.8101239], [7.4071016, 46.8106004], [7.4068632, 46.8107312], [7.40639, 46.8108406], [7.4059974, 46.8108092], [7.4055699, 46.8106718], [7.4044343, 46.810607], [7.4039756, 46.8104568], [7.4031371, 46.8102918], [7.402616, 46.8101583], [7.4024179, 46.810119], [7.402051, 46.8101131], [7.4016676, 46.8101891], [7.4014512, 46.8102904], [7.4010662, 46.8105531], [7.400272, 46.8107651], [7.3999107, 46.8110584], [7.399566, 46.8112533], [7.3994265, 46.811288], [7.3992504, 46.8112614], [7.3991128, 46.8111209], [7.3990045, 46.8110751], [7.3987018, 46.8110103], [7.3973259, 46.8109355], [7.3970764, 46.8109832], [7.3968509, 46.8111919], [7.3967392, 46.8117047], [7.3967522, 46.8119757], [7.3970515, 46.8125366], [7.3970847, 46.8128971], [7.3970499, 46.812984], [7.3967528, 46.8131686], [7.3966439, 46.8133108], [7.3966741, 46.813542], [7.3967936, 46.8138253], [7.3967477, 46.813986], [7.3965923, 46.814247], [7.3963763, 46.8144161], [7.3958027, 46.814669], [7.3956271, 46.8149132], [7.3956074, 46.8152347], [7.3954639, 46.8156626], [7.395548, 46.8159652], [7.3956954, 46.8161571], [7.3964141, 46.8164907], [7.3965672, 46.8166054], [7.3968476, 46.8170268], [7.3969091, 46.8174629], [7.3970007, 46.8176909], [7.3971144, 46.8177384], [7.3976054, 46.8178038], [7.3978521, 46.8178819], [7.3980821, 46.8180432], [7.3982348, 46.8182001], [7.3983103, 46.8183032], [7.3983278, 46.8184079], [7.3983154, 46.8190351], [7.3984335, 46.8196004], [7.3985861, 46.820024], [7.3987739, 46.8202767], [7.399214, 46.8207679], [7.3998151, 46.8212386], [7.4003443, 46.82143], [7.4006715, 46.8216063], [7.4011255, 46.8217963], [7.4022115, 46.8218774], [7.402364, 46.821906], [7.4027338, 46.8220806], [7.4028167, 46.8221488], [7.4028163, 46.8224616], [7.4029174, 46.8228893], [7.4028766, 46.8231901], [7.4028057, 46.8233436]], [[7.4066529, 46.7929941], [7.4065398, 46.7931447], [7.4064182, 46.7932047], [7.4063833, 46.7933531], [7.4060584, 46.7938151], [7.4058031, 46.794312], [7.4056872, 46.7943968], [7.4051632, 46.7945074], [7.4049837, 46.7945717], [7.4048738, 46.7949945], [7.4045829, 46.7955225], [7.4040327, 46.7961756], [7.4038964, 46.7963835], [7.403887, 46.7964977], [7.4040107, 46.7967247], [7.4045382, 46.7974125], [7.4049805, 46.7979187], [7.4056405, 46.7984454], [7.4059591, 46.7987521], [7.4062629, 46.7991682], [7.4063335, 46.7994533], [7.4066233, 46.7996683], [7.4072606, 46.7999119], [7.4073642, 46.799979], [7.4076746, 46.8005175], [7.407901, 46.8007339], [7.4081025, 46.8008421], [7.4087169, 46.8010488], [7.4087802, 46.801109]], [[7.4087802, 46.801109], [7.4088031, 46.8012159], [7.4087276, 46.8015956], [7.4089958, 46.802334], [7.4088757, 46.8026622], [7.4086287, 46.8030238], [7.4086103, 46.8031485], [7.4086449, 46.8032573], [7.4087578, 46.8034228]], [[7.4087802, 46.801109], [7.4089363, 46.8011244], [7.4092004, 46.8012792], [7.4093304, 46.8013149], [7.4094386, 46.801434], [7.4094429, 46.801553], [7.409642, 46.8018594], [7.4096809, 46.8020766], [7.4095855, 46.8022819], [7.40936, 46.8026061], [7.4092818, 46.8029095], [7.4088917, 46.803201], [7.4087578, 46.8034228]]]}}, {"type": "Feature", "properties": {"name": "Schwarzwasser", "typ": "haupt", "laenge_km": 8.8}, "geometry": {"type": "MultiLineString", "coordinates": [[[7.4039332, 46.7366224], [7.4040986, 46.7370095], [7.4040024, 46.737191], [7.4040918, 46.7375212], [7.4039886, 46.7379121], [7.4038868, 46.7379978], [7.4039193, 46.7381168], [7.4038543, 46.7382553], [7.4039143, 46.7383268], [7.4039027, 46.7383745], [7.403632, 46.7388146], [7.4035788, 46.7388686], [7.4033684, 46.7389416], [7.4033429, 46.7390052], [7.4033566, 46.7392849], [7.4034143, 46.7394978], [7.403361, 46.7396583], [7.4034093, 46.7399301], [7.4032566, 46.7402479], [7.4031801, 46.7405307], [7.4029998, 46.7405497], [7.4028726, 46.7406609], [7.4028055, 46.7407594], [7.4027706, 46.7409771], [7.4026296, 46.7410931], [7.4026018, 46.7411598], [7.4026686, 46.7414109], [7.402895, 46.7416987], [7.403135, 46.7422359], [7.4030376, 46.7426697], [7.4030698, 46.7429478], [7.403005, 46.7430749], [7.4030142, 46.7431512], [7.4033561, 46.7435581], [7.4034662, 46.743898], [7.4035939, 46.7439761], [7.4038111, 46.7440286], [7.4039983, 46.7441256], [7.4044838, 46.7442052], [7.4045741, 46.7442771], [7.404467, 46.7446231], [7.4044818, 46.744746], [7.4046168, 46.7449753], [7.4045896, 46.7455041], [7.4046645, 46.7457972], [7.4046183, 46.74588], [7.4044336, 46.7459716], [7.4042924, 46.7461725], [7.4042886, 46.7464001], [7.4041285, 46.7466085], [7.4037407, 46.7467948], [7.4037083, 46.7468926], [7.4037103, 46.7471633], [7.4037928, 46.7473351], [7.4038243, 46.7476524], [7.4037774, 46.7480746], [7.403832, 46.7485816], [7.4038956, 46.7487226], [7.4040783, 46.7489054], [7.4042056, 46.7491625], [7.4044741, 46.7494329], [7.4048092, 46.7496273], [7.4050085, 46.7498006], [7.4050416, 46.7500062], [7.405144, 46.7501776], [7.4053185, 46.7502748], [7.4056508, 46.7503834], [7.405839, 46.7505815], [7.4061215, 46.7506768], [7.4063042, 46.7509967], [7.40639, 46.7510672], [7.4069273, 46.7513206], [7.4072984, 46.7514254], [7.4074673, 46.7515111], [7.4077304, 46.7517321], [7.407855, 46.7517759], [7.4079963, 46.7517874], [7.4081542, 46.7517398], [7.4083814, 46.7516161], [7.4085089, 46.7515933], [7.4089132, 46.7517629], [7.4095577, 46.7518923], [7.4098914, 46.7521256], [7.4100424, 46.7524811], [7.4112285, 46.7532092], [7.4113726, 46.7533523], [7.4114529, 46.7534939], [7.4114646, 46.7536693], [7.4114077, 46.753893], [7.4115257, 46.7543145], [7.4116532, 46.7545027], [7.411802, 46.754604], [7.4124685, 46.7548417], [7.4125417, 46.7549092], [7.4125464, 46.7550057], [7.4123311, 46.755339], [7.4123216, 46.7554195], [7.4125223, 46.7557589], [7.4125032, 46.7561064], [7.4126306, 46.756462], [7.4126658, 46.756898], [7.4127154, 46.7569897], [7.4129989, 46.7571553], [7.4130958, 46.7572518], [7.4131878, 46.7575301], [7.4132349, 46.7578615], [7.4138752, 46.7584291], [7.4138941, 46.7584983], [7.4138443, 46.7586013], [7.4136551, 46.7587575], [7.4136409, 46.7589265], [7.4135469, 46.7591576], [7.413584, 46.7595213], [7.4134657, 46.7597516], [7.4132528, 46.7599884], [7.4131886, 46.7601455], [7.4130194, 46.7609547], [7.4128842, 46.7611678], [7.4127491, 46.7612174], [7.412721, 46.7613545], [7.4132063, 46.7621917], [7.4131116, 46.7627444], [7.4132031, 46.7630969], [7.4133436, 46.7632053], [7.4134277, 46.7632254], [7.4134441, 46.7632705], [7.4133928, 46.7634869], [7.4133324, 46.7635668], [7.4129401, 46.7637683], [7.4127855, 46.7639935], [7.4125566, 46.7639948], [7.412257, 46.7640414], [7.4117754, 46.7643536], [7.4115063, 46.7643153], [7.4111813, 46.7643525], [7.4107652, 46.764207], [7.4106282, 46.7641911], [7.410467, 46.7642506], [7.4104282, 46.7643259], [7.4101891, 46.7644865], [7.4098983, 46.7645429], [7.4097909, 46.7645927], [7.4096884, 46.7646521], [7.4095498, 46.764859], [7.4091396, 46.7650453], [7.4091331, 46.7652906], [7.4090429, 46.7653533], [7.4089508, 46.7656195], [7.4088313, 46.7657061], [7.4086905, 46.7660093], [7.4085416, 46.7660848], [7.4082801, 46.7661139], [7.4081288, 46.7662134], [7.4077259, 46.7663661], [7.4076969, 46.7664719], [7.4074847, 46.766626], [7.4074068, 46.7667367], [7.407407, 46.7667944], [7.407528, 46.766928], [7.4074911, 46.7671328], [7.4075146, 46.7672926], [7.4078502, 46.7677732], [7.4077486, 46.7679668], [7.4078938, 46.7683018], [7.4077881, 46.7685445], [7.4079596, 46.7688285], [7.4080395, 46.7689084], [7.4082964, 46.7690384], [7.4083482, 46.7691183], [7.4083096, 46.7692393], [7.4080832, 46.769341], [7.408066, 46.7693861], [7.4081805, 46.769494], [7.4081951, 46.7696667], [7.4081298, 46.7698775], [7.4081782, 46.7700059], [7.4081628, 46.7701075], [7.4082594, 46.7702448], [7.4081883, 46.7704685], [7.4081905, 46.7706651], [7.4083336, 46.7710015], [7.4084649, 46.7711195], [7.4085075, 46.7712146], [7.4083149, 46.7715425], [7.4083428, 46.7718366], [7.4086287, 46.7721071], [7.4087153, 46.7723323], [7.408661, 46.7724251], [7.4086708, 46.7724874], [7.4087875, 46.7725607], [7.4089515, 46.7725587], [7.4091633, 46.7726366], [7.4092183, 46.7726988], [7.4092955, 46.7729624], [7.4095173, 46.7731489], [7.4095224, 46.7732224], [7.4094067, 46.7734033], [7.4094189, 46.7734768], [7.4095387, 46.77358], [7.409563, 46.7737384]], [[7.4050523, 46.7850995], [7.4050618, 46.785626], [7.405487, 46.7864331], [7.4055237, 46.7868712], [7.4054721, 46.7872876], [7.4055585, 46.7878728], [7.4056518, 46.788011], [7.4059561, 46.7881887], [7.4060068, 46.7882819], [7.4059745, 46.7886332], [7.4061163, 46.7889274], [7.4060927, 46.7890882], [7.4060129, 46.7892103]], [[7.4060129, 46.7892103], [7.4060695, 46.7894928], [7.4060435, 46.7896391]], [[7.4121491, 46.7783132], [7.4123734, 46.7784366], [7.41252, 46.7785708], [7.4126225, 46.778801], [7.4127573, 46.7789086], [7.4129065, 46.7791453], [7.4129445, 46.779317], [7.4130579, 46.7794273], [7.4130545, 46.7795139], [7.4128823, 46.7799336], [7.4126046, 46.7802884], [7.4125687, 46.780446], [7.4122143, 46.7807187], [7.412, 46.7810675], [7.4119273, 46.78111], [7.4116474, 46.7811678], [7.4111545, 46.7811944], [7.410955, 46.7813458], [7.4106908, 46.7813818], [7.4104873, 46.7815924], [7.4102173, 46.7816097], [7.4100346, 46.7816802], [7.4096372, 46.7819928], [7.4095274, 46.7820413], [7.4093647, 46.7821038], [7.4091343, 46.7821111], [7.4089447, 46.7821703], [7.4077293, 46.7826365], [7.407383, 46.7828016], [7.4072352, 46.7827898], [7.4069486, 46.7826859], [7.4067605, 46.7826795], [7.4054908, 46.7827791], [7.4050058, 46.7831325], [7.4047978, 46.7833656], [7.4047317, 46.7835143], [7.4047627, 46.7839822], [7.4047158, 46.7844468], [7.404779, 46.7844966], [7.4047206, 46.7847345], [7.4047787, 46.7850501], [7.4048775, 46.7851872], [7.404899, 46.7854016], [7.4048671, 46.7854877], [7.4049436, 46.7857607], [7.404906, 46.7860065], [7.4049767, 46.7862707], [7.404938, 46.7865229], [7.4049775, 46.7867517], [7.4049553, 46.7871989], [7.4051217, 46.7875178], [7.4051728, 46.7877393], [7.4051766, 46.7879794], [7.4051079, 46.7882059], [7.4052444, 46.7885071], [7.4060129, 46.7892103]], [[7.4060435, 46.7896391], [7.4062786, 46.7898616], [7.4062873, 46.7899502], [7.406114, 46.7904737], [7.4061054, 46.790653], [7.4061403, 46.7907787], [7.4062884, 46.7910177], [7.4063089, 46.7911702], [7.4062627, 46.7913453]], [[7.4060435, 46.7896391], [7.4057628, 46.7900349], [7.4057658, 46.790107], [7.4058238, 46.7902121], [7.4058414, 46.7904202], [7.4060273, 46.7907375], [7.4061001, 46.7911311], [7.4062627, 46.7913453]], [[7.4062627, 46.7913453], [7.4063875, 46.7915617], [7.4066418, 46.7921908], [7.4065769, 46.7925309], [7.4064477, 46.7928286]], [[7.409563, 46.7737384], [7.4097487, 46.7740637], [7.4097404, 46.7741662]], [[7.409563, 46.7737384], [7.4094093, 46.7738796], [7.4094097, 46.7739596], [7.4097404, 46.7741662]], [[7.4097404, 46.7741662], [7.4098908, 46.7742483], [7.4100572, 46.7744097]], [[7.4100572, 46.7744097], [7.410189, 46.7744608], [7.4103897, 46.7746232], [7.410443, 46.7747674]], [[7.4100572, 46.7744097], [7.4102097, 46.7747126], [7.410443, 46.7747674]], [[7.410443, 46.7747674], [7.4106498, 46.7750547], [7.410617, 46.7755447], [7.4107679, 46.7757923], [7.4109054, 46.7758541], [7.4110789, 46.7760213], [7.4110179, 46.7761841], [7.4110947, 46.7765258], [7.4111551, 46.7766148], [7.4111225, 46.7767146], [7.411044, 46.7767631], [7.4110484, 46.7768105], [7.4111475, 46.7769382], [7.4111995, 46.7771066], [7.4113644, 46.7772467], [7.4114092, 46.7774113], [7.411799, 46.7776375], [7.4119435, 46.7777794], [7.4119083, 46.7780221], [7.4120104, 46.7781923], [7.4121491, 46.7783132]], [[7.4111206, 46.7773793], [7.4111756, 46.777527], [7.4112962, 46.7775684], [7.4114757, 46.7777059], [7.4116227, 46.777904], [7.4118052, 46.7780063], [7.4119991, 46.7782456], [7.4121491, 46.7783132]]]}}, {"type": "Feature", "properties": {"name": "Selibach", "typ": "neben", "laenge_km": 8.26}, "geometry": {"type": "MultiLineString", "coordinates": [[[7.4308861, 46.7781179], [7.4308107, 46.7782193], [7.4304886, 46.7783881], [7.4305659, 46.7785747], [7.4308127, 46.7788379], [7.4308219, 46.7789448], [7.4309958, 46.7790443], [7.4310308, 46.7791257], [7.4309388, 46.7794068], [7.4307293, 46.7795223], [7.4306686, 46.7799009], [7.4305868, 46.7799539], [7.4305087, 46.7799627], [7.4302778, 46.7799201], [7.4301423, 46.7799843], [7.4300173, 46.7802293], [7.4297877, 46.7805109], [7.4295517, 46.7806746], [7.4295117, 46.7808256], [7.4293239, 46.7809006], [7.4291603, 46.7810497], [7.428789, 46.781155], [7.428817, 46.7812207], [7.4290076, 46.7813689], [7.4290213, 46.7815212], [7.4289614, 46.7816501], [7.428826, 46.7817569], [7.4287341, 46.7817839], [7.4283699, 46.7817696], [7.4282584, 46.7818104], [7.4281607, 46.7819724], [7.4279411, 46.7820769], [7.4277294, 46.7822762], [7.4275291, 46.782572], [7.4274765, 46.7828594], [7.4275216, 46.7829947], [7.4275739, 46.7830762], [7.427749, 46.7831775], [7.4279354, 46.7834162], [7.4281272, 46.783581], [7.4281495, 46.7837047], [7.4280982, 46.7838821], [7.4281613, 46.7840195], [7.4284559, 46.7842032], [7.4284337, 46.7843103], [7.4281916, 46.7844605]], [[7.4310579, 46.7772708], [7.4309407, 46.7774478], [7.4310354, 46.7777085], [7.4310297, 46.7777926], [7.4309804, 46.7779994], [7.4308861, 46.7781179]], [[7.4310579, 46.7772708], [7.431149, 46.7772765], [7.4312049, 46.7773271], [7.4312495, 46.7774676], [7.4312289, 46.7778114], [7.4310869, 46.7780396], [7.4310061, 46.7780984], [7.4308861, 46.7781179]], [[7.4317012, 46.7763682], [7.431655, 46.776455], [7.4316359, 46.7766814], [7.4315262, 46.7767458], [7.4311229, 46.7768843], [7.4310516, 46.7769757], [7.4310226, 46.7770584], [7.4310933, 46.7772037], [7.4310579, 46.7772708]], [[7.4320669, 46.7761456], [7.4317742, 46.7762746], [7.4317012, 46.7763682]], [[7.4320669, 46.7761456], [7.4320109, 46.7762627], [7.4317012, 46.7763682]], [[7.4336746, 46.7733524], [7.4336225, 46.7734269], [7.4334708, 46.7740309], [7.4331704, 46.7742168], [7.4331878, 46.7743256], [7.4333113, 46.7744647], [7.4331878, 46.7746975], [7.4331476, 46.7749096], [7.4331849, 46.7750518], [7.4332985, 46.7752002], [7.4332747, 46.7752626], [7.4326981, 46.7756622], [7.4327437, 46.7758648], [7.4326244, 46.7760094], [7.4325216, 46.7760549], [7.4322088, 46.7760199], [7.4320669, 46.7761456]], [[7.4336552, 46.7727229], [7.4337392, 46.7728901], [7.4336895, 46.7731878], [7.4337195, 46.773276], [7.4336746, 46.7733524]], [[7.4336552, 46.7727229], [7.4334393, 46.7728166], [7.433393, 46.7729125], [7.4335299, 46.7732143], [7.4336746, 46.7733524]], [[7.4336699, 46.7724867], [7.4336364, 46.7725937], [7.4336552, 46.7727229]], [[7.4341227, 46.7716479], [7.4339563, 46.7715969], [7.4338545, 46.7715991], [7.4337063, 46.7716534], [7.4336613, 46.7717112], [7.4336535, 46.7718833], [7.4335741, 46.7719685], [7.4336718, 46.7722393], [7.4336699, 46.7724867]], [[7.4341227, 46.7716479], [7.4340566, 46.7716917], [7.4338521, 46.7717088], [7.433755, 46.7718253], [7.4337583, 46.7719508], [7.4338677, 46.77209], [7.4339093, 46.7722572], [7.4338646, 46.772408], [7.4336699, 46.7724867]], [[7.4360547, 46.7638925], [7.4360114, 46.7640217], [7.4358883, 46.764114], [7.4357047, 46.7646524], [7.4353112, 46.7651492], [7.4352409, 46.7653699], [7.435115, 46.7654822], [7.4349841, 46.7657012], [7.4349436, 46.7658489], [7.4347877, 46.7660038], [7.434763, 46.7665412], [7.4348682, 46.7667506], [7.4348961, 46.7669025], [7.4346282, 46.7670859], [7.4343804, 46.7671759], [7.4342943, 46.767301], [7.4344142, 46.767561], [7.4344126, 46.7676873], [7.4344844, 46.7677748], [7.4344113, 46.7679449], [7.4344079, 46.7681174], [7.4346012, 46.7683081], [7.4345098, 46.7685244], [7.4345835, 46.7686471], [7.4345818, 46.7687419], [7.4345507, 46.7687856], [7.4343323, 46.7688925], [7.4342774, 46.7690237], [7.434309, 46.7691877], [7.4344379, 46.7693566], [7.4344234, 46.7694429], [7.4342306, 46.7695073], [7.4339371, 46.7697442], [7.434, 46.7699434], [7.4339472, 46.7702143], [7.4340191, 46.7703334], [7.4343153, 46.7705411], [7.4343393, 46.7705934], [7.4342627, 46.770902], [7.4345572, 46.7712069], [7.4346929, 46.7712668], [7.4347089, 46.7713222], [7.4345704, 46.7713879], [7.434477, 46.7715337], [7.4342328, 46.7715835], [7.4341227, 46.7716479]], [[7.4363464, 46.7635959], [7.436115, 46.7637105], [7.4360547, 46.7638925]], [[7.4363464, 46.7635959], [7.4362235, 46.7637915], [7.4360547, 46.7638925]], [[7.437215, 46.763231], [7.4370634, 46.7633369], [7.4369746, 46.7635054], [7.4363464, 46.7635959]], [[7.4381111, 46.7615855], [7.4380021, 46.7618444], [7.4377492, 46.7619988], [7.4376318, 46.7622344], [7.437492, 46.7623667], [7.4374615, 46.7624321], [7.4375362, 46.7626327], [7.4375206, 46.762695], [7.4372332, 46.7629347], [7.4371917, 46.7630442], [7.437215, 46.763231]], [[7.4381111, 46.7615855], [7.4384297, 46.7619327], [7.4383769, 46.7621667], [7.4383231, 46.7622306], [7.4381038, 46.7623365], [7.4379129, 46.7624744], [7.437776, 46.7627833], [7.4375763, 46.7629028], [7.437215, 46.763231]], [[7.4415805, 46.7592258], [7.4417628, 46.7595237], [7.4417531, 46.7597], [7.4416929, 46.7598141], [7.4412357, 46.7602501], [7.4408306, 46.7602904], [7.4404174, 46.7603977], [7.4400936, 46.7604481], [7.4398316, 46.7604156], [7.4396722, 46.7603418], [7.4394949, 46.7603653], [7.4392638, 46.7605129], [7.4390879, 46.7606803], [7.4388488, 46.760738], [7.4387451, 46.7609493], [7.4382231, 46.7611955], [7.4381301, 46.7613561], [7.4381532, 46.7614618], [7.4381111, 46.7615855]], [[7.4412759, 46.7586117], [7.441514, 46.758749], [7.4415947, 46.7588423], [7.4416274, 46.759033], [7.4415805, 46.7592258]], [[7.4412759, 46.7586117], [7.4411693, 46.7586708], [7.4411336, 46.7587276], [7.4411605, 46.758792], [7.4413061, 46.7590067], [7.4415805, 46.7592258]], [[7.4420007, 46.7354871], [7.4422523, 46.7355174], [7.442366, 46.7355977], [7.4424344, 46.7356043], [7.442672, 46.7355383], [7.4429452, 46.73557], [7.4432914, 46.7354708], [7.4433587, 46.7354994], [7.4433884, 46.7355956], [7.4434875, 46.7356927], [7.4435974, 46.7356577], [7.4439746, 46.7357195], [7.4440732, 46.7356977], [7.4442173, 46.7356123], [7.4444181, 46.7355761], [7.4444694, 46.7355423], [7.4445983, 46.7352483], [7.4446493, 46.7352134], [7.4447176, 46.7351831], [7.4450733, 46.7351585], [7.4454748, 46.7352096], [7.4456378, 46.7352632], [7.4458157, 46.7353771], [7.4465241, 46.7354462], [7.4468445, 46.7355737], [7.4470958, 46.7355974], [7.4475602, 46.7358028], [7.447981, 46.735898], [7.4482305, 46.7358874], [7.4485166, 46.7360126], [7.4487613, 46.7359605], [7.4489629, 46.7359682], [7.4491259, 46.7360579], [7.4493244, 46.7360925], [7.4493504, 46.7362448], [7.4494261, 46.736304], [7.4498387, 46.7363582], [7.4500068, 46.7364404], [7.4501619, 46.7366711], [7.4501179, 46.7367718], [7.4502541, 46.736856], [7.4502249, 46.7370112], [7.4502646, 46.7370548], [7.4508389, 46.7372222], [7.4510393, 46.7373445], [7.4511543, 46.7374647], [7.4512161, 46.7376318], [7.4513023, 46.7377234], [7.4513458, 46.7379942], [7.4514905, 46.7381082], [7.4514708, 46.7382138], [7.4515896, 46.7383634], [7.4517772, 46.7384511], [7.4517977, 46.7385184], [7.4518898, 46.7385812], [7.4519589, 46.7386899], [7.4519656, 46.7388423], [7.4518966, 46.7389604], [7.4519367, 46.7391058], [7.4521916, 46.7392693], [7.4521559, 46.739441], [7.4522814, 46.7395791], [7.452167, 46.7396662], [7.4522353, 46.7398978], [7.4522368, 46.7403281], [7.4521524, 46.7406927], [7.452309, 46.741063], [7.4522246, 46.7412839], [7.4521249, 46.7413829], [7.4519033, 46.7414515], [7.4516845, 46.7414353], [7.451607, 46.7414582], [7.4515572, 46.7415267], [7.4516223, 46.7416514], [7.4515766, 46.7417933], [7.4511958, 46.7418771], [7.4510795, 46.7419761], [7.4511247, 46.7420399], [7.4513593, 46.7421651], [7.4516679, 46.7424101], [7.4517334, 46.7425895], [7.4519387, 46.74277], [7.4519416, 46.7429036], [7.4522158, 46.7431301], [7.4522343, 46.7432162], [7.4523577, 46.7433207], [7.4522915, 46.7434312], [7.4522855, 46.743544], [7.4519723, 46.743948], [7.4519226, 46.7442448], [7.4520384, 46.744732], [7.4522445, 46.7450067], [7.4521886, 46.7455187], [7.4520714, 46.7456593], [7.4521722, 46.7458319], [7.4522368, 46.7460746], [7.4521638, 46.7464366], [7.4518273, 46.7467237], [7.4517381, 46.7469436], [7.4515594, 46.747155], [7.4513954, 46.7472778], [7.4513185, 46.7474463], [7.4512916, 46.7476363], [7.451169, 46.7477462], [7.4509041, 46.7478368], [7.4505364, 46.7478083], [7.4503328, 46.7478283], [7.4501575, 46.7479935], [7.4500641, 46.7480352], [7.449858, 46.7480423], [7.4496607, 46.74799], [7.4494581, 46.7479864], [7.449401, 46.7480186], [7.4493335, 46.7481507], [7.4490133, 46.7485291], [7.4487432, 46.7487041], [7.4486047, 46.7487255], [7.4483468, 46.7488302], [7.4482862, 46.7488909], [7.4482395, 46.7490623], [7.4475923, 46.7493996], [7.4471152, 46.7495234], [7.4469471, 46.7495823], [7.4468155, 46.7496697], [7.4467812, 46.7498936], [7.4465961, 46.7501642], [7.4465405, 46.7505807], [7.4463419, 46.7507327], [7.446189, 46.7510618], [7.4462773, 46.7514073], [7.4462463, 46.7517284], [7.4460649, 46.7519408], [7.4459766, 46.7519718], [7.4457082, 46.7519635], [7.445594, 46.7519944], [7.4454174, 46.7521432], [7.4454018, 46.7522146], [7.4454607, 46.7523526], [7.4452997, 46.7526406], [7.4452686, 46.7528262], [7.4452841, 46.7529322], [7.4454175, 46.7531333], [7.4454366, 46.7534558], [7.4450955, 46.7537521], [7.4444999, 46.7540592], [7.4444134, 46.7543126], [7.4444238, 46.7545661], [7.4442351, 46.7549434], [7.444242, 46.7552147], [7.4441105, 46.7554765], [7.4435062, 46.7558835], [7.4431218, 46.7560168], [7.4429469, 46.7561763], [7.4428898, 46.7562738], [7.4425903, 46.7565321], [7.4424864, 46.7567391], [7.4423444, 46.7568891], [7.4422475, 46.7570581], [7.4422527, 46.7572378], [7.4421401, 46.7575329], [7.442083, 46.7575853], [7.441773, 46.7577043], [7.4416172, 46.7579232], [7.4415583, 46.7581779], [7.4414631, 46.7583517], [7.4413107, 46.7585087], [7.4412759, 46.7586117]]]}}, {"type": "Feature", "properties": {"name": "Sense", "typ": "haupt", "laenge_km": 16.09}, "geometry": {"type": "MultiLineString", "coordinates": [[[7.3528331, 46.8833559], [7.3527373, 46.8835746], [7.352726, 46.8837067], [7.3527803, 46.8841763], [7.3530106, 46.8846207], [7.3533725, 46.8850199], [7.3536189, 46.8856496], [7.353717, 46.8861728], [7.3536269, 46.8865965], [7.3534692, 46.8868651], [7.3533284, 46.8870089], [7.352519, 46.8875914], [7.3508361, 46.8884489], [7.3491984, 46.8890254], [7.3486615, 46.8892774], [7.3482341, 46.8894368], [7.3477495, 46.8895367], [7.3473523, 46.8896732], [7.3470497, 46.8897398], [7.3464254, 46.8898419], [7.3447314, 46.8900257], [7.3437631, 46.8902139], [7.3395881, 46.8909123], [7.3363137, 46.8915943], [7.334752, 46.891954], [7.3324465, 46.8924012], [7.3321364, 46.8925006], [7.3299615, 46.8929868], [7.3290916, 46.8932337], [7.3283005, 46.8933432], [7.3273465, 46.8935495], [7.3262097, 46.8937223], [7.325746, 46.8937612], [7.3248094, 46.8937593], [7.3244374, 46.8937235], [7.3187098, 46.8927599], [7.3140346, 46.8920385], [7.3121552, 46.8917034], [7.3100889, 46.8915337], [7.3089357, 46.8914974], [7.307442, 46.8915848], [7.305823, 46.8917784], [7.3040618, 46.8920428], [7.3015015, 46.8923781], [7.3005102, 46.8926138], [7.2986159, 46.8931389], [7.2974218, 46.8935358], [7.2965619, 46.8937079], [7.295927, 46.8937873], [7.294566, 46.8938684], [7.2907051, 46.8938366], [7.2903003, 46.8938559], [7.2893882, 46.8938199], [7.2887247, 46.8936878], [7.288139, 46.8935301], [7.2870247, 46.8930848], [7.2862604, 46.8926781], [7.2853285, 46.8919493], [7.2846081, 46.8913092], [7.2843324, 46.8910184], [7.2839523, 46.8907523], [7.2834778, 46.890346], [7.2830085, 46.8900635], [7.2823501, 46.8897591], [7.2819548, 46.8896412], [7.2812488, 46.8895417], [7.2802854, 46.8895931], [7.2797242, 46.8896846], [7.2788904, 46.8898868], [7.2784962, 46.8900211], [7.2762519, 46.8910172], [7.2749345, 46.8915364], [7.2743599, 46.8917329], [7.2730629, 46.8923336], [7.2726674, 46.8924824], [7.2714985, 46.8927491], [7.2708442, 46.8928358], [7.2695634, 46.8929276], [7.2681895, 46.8930793], [7.2670182, 46.8933569], [7.2662027, 46.8936264], [7.2650905, 46.8941961], [7.2639818, 46.8952215], [7.2635435, 46.8955828], [7.2625528, 46.8963743], [7.2616195, 46.897048], [7.2613356, 46.8972304], [7.2606706, 46.8975587], [7.2597334, 46.8978923], [7.2592997, 46.8980059], [7.2584326, 46.8981454], [7.2517666, 46.8987573], [7.2503742, 46.8989625], [7.247027, 46.8997319], [7.2423532, 46.9008739], [7.2406019, 46.901258], [7.2390952, 46.9016592], [7.2384832, 46.9018587], [7.2382458, 46.9019785], [7.2379829, 46.9021642], [7.2335803, 46.9064414]], [[7.3384012, 46.8504903], [7.3385744, 46.8507163], [7.3386763, 46.8507737], [7.3390879, 46.850897], [7.339438, 46.850962], [7.3399752, 46.8509083], [7.3405891, 46.850764], [7.3410641, 46.8505401], [7.3412687, 46.8505695], [7.3419988, 46.8508102], [7.3429993, 46.8516426], [7.3438471, 46.8522122], [7.3442475, 46.8522712], [7.3444188, 46.8522534], [7.34516, 46.8520622], [7.3452863, 46.8520637], [7.3456078, 46.8524377], [7.3459731, 46.8525888], [7.346402, 46.8528736], [7.3468211, 46.8532226], [7.3472578, 46.853669], [7.3476353, 46.8539208], [7.3479606, 46.8540588], [7.3481373, 46.8540537], [7.348565, 46.8537647], [7.3491752, 46.8535729], [7.3502611, 46.8536244], [7.3506786, 46.8536937], [7.3508391, 46.8537472], [7.3510819, 46.8539282], [7.3511873, 46.8542773], [7.3519437, 46.8552143], [7.3520343, 46.8555045], [7.3519994, 46.8558351], [7.3520948, 46.8560617], [7.3533388, 46.8572518], [7.3539681, 46.8577112], [7.3546785, 46.8585686], [7.3548468, 46.85889], [7.3551904, 46.8592647], [7.3554652, 46.8594613], [7.3565393, 46.859948], [7.3571078, 46.8601482], [7.3572826, 46.8602848]], [[7.3531904, 46.8818694], [7.3529926, 46.8820957], [7.352942, 46.8822713], [7.3528059, 46.8825141], [7.3528331, 46.8833559]], [[7.3531904, 46.8818694], [7.3532438, 46.8824882], [7.3531727, 46.8830295], [7.3528331, 46.8833559]], [[7.3572826, 46.8602848], [7.3581705, 46.8612223], [7.3583091, 46.861449], [7.3583852, 46.8617065], [7.3590784, 46.8624976], [7.359266, 46.8629885], [7.3592999, 46.8633297], [7.35923, 46.8634611], [7.3590782, 46.863621], [7.3590368, 46.8639304], [7.3589386, 46.8641135], [7.3586118, 46.8644285], [7.3581649, 46.8649636], [7.3578522, 46.8652028], [7.357806, 46.8652875], [7.3578104, 46.8657736], [7.3579367, 46.8663653], [7.3580167, 46.8665972], [7.3583303, 46.8669817], [7.3584132, 46.8678102], [7.3583699, 46.8680799], [7.3579081, 46.8688473], [7.3578073, 46.8693249], [7.3576965, 46.8695057], [7.3570678, 46.8701794], [7.3564517, 46.8703369], [7.354909, 46.8705374], [7.3546542, 46.8706196], [7.3539583, 46.8712857], [7.353936, 46.8714142], [7.3538511, 46.871546], [7.353438, 46.8719942], [7.3531551, 46.8725597], [7.3531008, 46.8731128], [7.3531678, 46.873538], [7.3523559, 46.8761534], [7.3523085, 46.8763464], [7.3523543, 46.8766764], [7.3523133, 46.8767658], [7.3520227, 46.8769145], [7.3519085, 46.8770175], [7.3518183, 46.8772662], [7.3517987, 46.8775651], [7.3520014, 46.8782216], [7.3522348, 46.8787702], [7.3524234, 46.879049], [7.3529177, 46.8795106], [7.35306, 46.8797309], [7.3531382, 46.8802605], [7.3531409, 46.8812985], [7.3531904, 46.8818694]], [[7.3547553, 46.8614941], [7.3548291, 46.8613371], [7.3550833, 46.8610602], [7.3551323, 46.8606492], [7.3551806, 46.8605463], [7.355494, 46.8602905], [7.3556639, 46.8599868], [7.3559664, 46.8598955], [7.3563119, 46.860047], [7.3572826, 46.8602848]]]}}, {"type": "Feature", "properties": {"name": "Sense", "typ": "haupt", "laenge_km": 19.86}, "geometry": {"type": "MultiLineString", "coordinates": [[[7.2934053, 46.7713678], [7.2933409, 46.7715101], [7.2932503, 46.7715831], [7.2929735, 46.7716618], [7.29204, 46.7716736], [7.2910225, 46.7715883], [7.2906658, 46.7716389], [7.290452, 46.7717592], [7.2904353, 46.7718505], [7.2906414, 46.7724599], [7.2907989, 46.7726467], [7.2912965, 46.7730718], [7.2915677, 46.7736902], [7.2916559, 46.7738148], [7.2917714, 46.7739074], [7.2919918, 46.7740105], [7.2922709, 46.7741014], [7.2926024, 46.7741314], [7.2929464, 46.7740549], [7.2931541, 46.7741155], [7.2932549, 46.7742187], [7.2933453, 46.7744117], [7.2938556, 46.7749234], [7.2946364, 46.7753314], [7.2958937, 46.7759167], [7.296103, 46.7760439], [7.2962633, 46.7761677], [7.2963786, 46.7763522], [7.2963677, 46.7764944], [7.2961469, 46.7769455], [7.2961532, 46.7770861], [7.2962407, 46.777263], [7.296418, 46.7773869], [7.2968521, 46.777462], [7.2973527, 46.7773691], [7.297913, 46.7774471], [7.2980519, 46.7775317], [7.2980711, 46.7776058], [7.2980282, 46.7777329], [7.2980602, 46.7778221], [7.2981841, 46.77794], [7.2988768, 46.7782326], [7.299193, 46.7784924], [7.2995287, 46.7786675], [7.3003112, 46.7788995], [7.3011621, 46.7792616]], [[7.304935, 46.7480541], [7.3044085, 46.7483922], [7.3040057, 46.7488126], [7.303921, 46.7489593], [7.3039189, 46.7491115], [7.3040076, 46.7492846], [7.3048184, 46.7501725], [7.3048576, 46.7504252], [7.3048057, 46.751002], [7.3049726, 46.751749], [7.3049271, 46.7518537], [7.304766, 46.7519613], [7.3044501, 46.7521024], [7.3041507, 46.7522882], [7.3038905, 46.7525885], [7.3040244, 46.7529243], [7.3040252, 46.7532689], [7.3039702, 46.7534366], [7.3041492, 46.7542543], [7.3039951, 46.7547016], [7.3039603, 46.7549766], [7.3038036, 46.7552698], [7.3038171, 46.755371], [7.3038663, 46.7555554], [7.3041955, 46.7561404], [7.3045114, 46.7565364], [7.3043827, 46.7566391], [7.3042797, 46.7571696], [7.303758, 46.7576773], [7.3036255, 46.7578662], [7.3036551, 46.75825], [7.3035743, 46.7587608], [7.3036858, 46.7591069], [7.3033595, 46.7598612], [7.3030421, 46.7602707], [7.3028779, 46.7603935], [7.3026583, 46.7604981], [7.3024897, 46.7605389], [7.3018265, 46.7605901], [7.3016269, 46.7606324], [7.3014827, 46.7606946], [7.3014294, 46.7607643], [7.3014158, 46.7612348], [7.3013024, 46.7617234], [7.3015253, 46.7629693], [7.3015242, 46.7632097], [7.3014529, 46.7633515], [7.3012872, 46.7634618], [7.3010627, 46.7635571], [7.3008046, 46.7636147], [7.3004584, 46.7636634], [7.2993462, 46.763734], [7.2991259, 46.7637734], [7.2987147, 46.7639202], [7.2985385, 46.7640637], [7.2983707, 46.7643083], [7.2982911, 46.7645271], [7.2983058, 46.7646915], [7.2984992, 46.7651996], [7.298385, 46.7656189], [7.298277, 46.7657037], [7.2979958, 46.7657598], [7.2976852, 46.7657496], [7.2973409, 46.765575], [7.2972087, 46.7655766], [7.2969863, 46.7656312], [7.2966211, 46.7656225], [7.2963357, 46.7655806], [7.2957165, 46.7654093], [7.2954314, 46.7653615], [7.2953136, 46.7653886], [7.2950724, 46.7657373], [7.2950578, 46.7658474], [7.2951124, 46.7660359], [7.2952951, 46.7661986], [7.2953224, 46.7662801], [7.2952931, 46.7663978], [7.2951861, 46.7665789], [7.2949868, 46.7667119], [7.2948798, 46.7668281], [7.294526, 46.7675333], [7.294234, 46.7676953], [7.2937939, 46.7677702], [7.2933581, 46.7678939], [7.2930207, 46.7681939], [7.2927902, 46.7684952], [7.2928576, 46.7687794], [7.2928158, 46.7689573], [7.2926671, 46.7692175], [7.2927701, 46.76945], [7.2927703, 46.7696689], [7.2927226, 46.7702467], [7.292637, 46.7707029], [7.2927651, 46.7708928], [7.2931471, 46.7710717], [7.2934053, 46.7713678]], [[7.2935524, 46.7707643], [7.2934053, 46.7713678]], [[7.2987873, 46.777912], [7.2992064, 46.7780867], [7.2999697, 46.7782316], [7.3000708, 46.7782798], [7.3001278, 46.7784505], [7.300196, 46.7785257], [7.3005756, 46.7785593], [7.300853, 46.7787176], [7.301149, 46.7788371], [7.3011621, 46.7792616]], [[7.2990771, 46.7419282], [7.2993487, 46.742309], [7.299967, 46.7428788], [7.3000101, 46.7430623], [7.3003551, 46.7434859], [7.3005081, 46.74357], [7.3009933, 46.7436653], [7.3011932, 46.7437687], [7.3014013, 46.7439536], [7.3017117, 46.7443841], [7.302277, 46.7448794], [7.3024708, 46.7450146], [7.3029971, 46.7452712], [7.3031888, 46.7453912], [7.3033378, 46.7455347], [7.303481, 46.7459086], [7.3034915, 46.7460796], [7.3033086, 46.7464728], [7.30326, 46.7466687], [7.303305, 46.7468218], [7.303399, 46.7469598], [7.3034989, 46.7470163], [7.3039536, 46.7470922], [7.3041249, 46.7471405], [7.3042412, 46.7472219], [7.304329, 46.7473737], [7.3043905, 46.7476123], [7.304935, 46.7480541]], [[7.3011621, 46.7792616], [7.3014036, 46.779523], [7.3014353, 46.7798331], [7.3013453, 46.7799936], [7.3011742, 46.7800452], [7.3008791, 46.7799321], [7.3005946, 46.7799491], [7.3001001, 46.7803234], [7.3000316, 46.7804187], [7.3000507, 46.7805776], [7.3010085, 46.780944], [7.3021288, 46.7814963], [7.3022805, 46.7816595], [7.3024318, 46.7822493], [7.3025834, 46.7824564], [7.303847, 46.783004], [7.3042148, 46.7832198], [7.3043042, 46.783314]], [[7.3020977, 46.7865932], [7.3024422, 46.7867583], [7.3026992, 46.7869409], [7.3031179, 46.7875771], [7.3032264, 46.7878868], [7.3031691, 46.7881028], [7.3029658, 46.7884365]], [[7.3020977, 46.7865932], [7.3022425, 46.7868864], [7.3023336, 46.7875767], [7.3024121, 46.7878218], [7.3026581, 46.7882293], [7.3027669, 46.7883281], [7.3029658, 46.7884365]], [[7.304098, 46.7844454], [7.3037725, 46.7848179], [7.3034685, 46.7850997], [7.3031463, 46.7852867], [7.3028335, 46.7853985], [7.3022255, 46.7855022], [7.3019439, 46.785612], [7.3017476, 46.7857512], [7.3016829, 46.7858339], [7.3016274, 46.7860766], [7.3016681, 46.7861719], [7.3020577, 46.7865124], [7.3020977, 46.7865932]], [[7.3029658, 46.7884365], [7.3034666, 46.7890579], [7.3033565, 46.7891967], [7.3033256, 46.7893051], [7.3033498, 46.7898307], [7.3031844, 46.7901458], [7.3029388, 46.7903605], [7.3025945, 46.7904365], [7.3016323, 46.7905166], [7.3015303, 46.7905701], [7.3014567, 46.7908041], [7.3015022, 46.7909357], [7.3017576, 46.7912858], [7.3018878, 46.7916571], [7.3019031, 46.7918251], [7.3018334, 46.792107], [7.3017349, 46.7922084], [7.3015186, 46.792286], [7.3014065, 46.7924096], [7.3013505, 46.7925443], [7.3013153, 46.7931887], [7.3013637, 46.7934718], [7.3014583, 46.7936441], [7.3016089, 46.793751], [7.3022143, 46.7939128], [7.3024258, 46.7940093], [7.3026401, 46.7941665], [7.3028863, 46.7943823], [7.3032483, 46.7948493], [7.3034337, 46.7950022], [7.3035496, 46.7950609], [7.3038712, 46.7950823], [7.3042622, 46.7951999], [7.3044824, 46.7953257], [7.3048184, 46.7956211], [7.3050791, 46.7957992], [7.3053601, 46.7959397], [7.3061631, 46.7965684], [7.3063377, 46.7970123]], [[7.3043042, 46.783314], [7.3043792, 46.7834632], [7.3043791, 46.7835706], [7.304098, 46.7844454]], [[7.3049187, 46.7833882], [7.3050379, 46.7835964], [7.3050379, 46.7837608], [7.3047698, 46.784166], [7.3045924, 46.7842163], [7.304098, 46.7844454]], [[7.304162, 46.782586], [7.3046684, 46.7829987], [7.3049187, 46.7833882]], [[7.3043042, 46.783314], [7.3044509, 46.7833062], [7.3047546, 46.7833887], [7.3049187, 46.7833882]], [[7.3049254, 46.7461858], [7.3047876, 46.7466404], [7.3047937, 46.7468655], [7.304865, 46.7471086], [7.3048996, 46.7471525], [7.305028, 46.7472034], [7.3050972, 46.7477169], [7.305045, 46.7479541], [7.304935, 46.7480541]], [[7.3063377, 46.7970123], [7.3065465, 46.7970813], [7.3066588, 46.7971756], [7.3067727, 46.797368], [7.3069416, 46.797508], [7.3070558, 46.7976741], [7.3070329, 46.7978815], [7.3069734, 46.7979411]], [[7.3063377, 46.7970123], [7.306426, 46.7974515], [7.3066345, 46.7977048], [7.3069734, 46.7979411]], [[7.3069734, 46.7979411], [7.307014, 46.7980609]], [[7.307014, 46.7980609], [7.3072284, 46.7981139], [7.3078751, 46.7986369], [7.3081156, 46.7989141], [7.3081727, 46.799036], [7.3082561, 46.7994337], [7.3082386, 46.7995457], [7.3081726, 46.799641], [7.3080421, 46.7997009], [7.3079795, 46.7997869], [7.3079011, 46.8001205], [7.3079271, 46.800415], [7.3078194, 46.8007694]], [[7.307014, 46.7980609], [7.3074418, 46.7986496], [7.3074759, 46.7988362], [7.3072684, 46.7991757], [7.3072448, 46.7994712], [7.3072787, 46.7997312], [7.3075302, 46.800423], [7.307639, 46.8005992], [7.3078194, 46.8007694]], [[7.3078194, 46.8007694], [7.3080566, 46.801049], [7.3081094, 46.8012712], [7.308034, 46.8016282], [7.3087498, 46.802555], [7.3087313, 46.8031474], [7.3092542, 46.8041316], [7.3096121, 46.8052004], [7.3098496, 46.8057645], [7.3098493, 46.8059213], [7.3096101, 46.806288], [7.3096229, 46.8064133], [7.3098437, 46.8066233], [7.3101774, 46.8067518], [7.3105372, 46.8068145], [7.3106499, 46.8068647], [7.3107017, 46.8069712], [7.310606, 46.8071311], [7.3103279, 46.8074069], [7.3102016, 46.807689], [7.3102274, 46.8078394], [7.3103745, 46.80804], [7.3105164, 46.8086763], [7.3109984, 46.8090926], [7.3112256, 46.8093734], [7.3113949, 46.8096877], [7.3115763, 46.8098469], [7.3118674, 46.8099894], [7.3121847, 46.8100836], [7.3130099, 46.8102281], [7.3143642, 46.8106005], [7.3145921, 46.8107173], [7.3148355, 46.8109026], [7.3149755, 46.8110894], [7.315019, 46.811238], [7.3148804, 46.8117879], [7.3148528, 46.8122256], [7.3148827, 46.8124353], [7.3149489, 46.8125864], [7.3152041, 46.8127839]], [[7.3152041, 46.8127839], [7.316074, 46.8130497], [7.3166736, 46.8131378], [7.3169367, 46.813226], [7.3175574, 46.8135411], [7.318131, 46.8136702], [7.3182646, 46.8137584], [7.3183893, 46.8139728], [7.3182758, 46.8142873]], [[7.3152041, 46.8127839], [7.3154563, 46.8132645], [7.3160165, 46.8136206], [7.3165599, 46.8137749], [7.316836, 46.8138158], [7.3174574, 46.8137879], [7.3179838, 46.8139123], [7.3181465, 46.8139973], [7.3182758, 46.8142873]], [[7.3182758, 46.8142873], [7.3183622, 46.8144092], [7.3184922, 46.8144823], [7.3188324, 46.8145566], [7.3202549, 46.8151478], [7.3206957, 46.8153859], [7.3209631, 46.8156195], [7.3210447, 46.8157541], [7.3198202, 46.8165368], [7.3192121, 46.816844], [7.3189981, 46.8170125], [7.3188162, 46.8171736], [7.3187459, 46.8176384], [7.3188811, 46.8178128], [7.3200532, 46.8181763], [7.320621, 46.8182934], [7.3209707, 46.8184677], [7.3210746, 46.8185583], [7.321165, 46.8187797], [7.3211362, 46.8189196], [7.3207844, 46.8194213], [7.32069, 46.8196669], [7.3207135, 46.8197884], [7.3211412, 46.8203781], [7.3212577, 46.8205949]], [[7.3198477, 46.8252456], [7.3200671, 46.8256767], [7.3202546, 46.8258503], [7.3205232, 46.8260226], [7.3208686, 46.8261655], [7.3214336, 46.8262945]], [[7.3203306, 46.8232233], [7.319746, 46.8236882], [7.3196171, 46.8238426], [7.3195298, 46.8242448], [7.3193889, 46.8245934], [7.3194043, 46.8248416], [7.3198477, 46.8252456]], [[7.3203306, 46.8232233], [7.3203914, 46.8233873], [7.3205851, 46.8236611], [7.3206082, 46.8237911], [7.3201488, 46.8243073], [7.3201105, 46.8244142], [7.3201538, 46.8246045], [7.3200576, 46.8249959], [7.3199841, 46.8251215], [7.3198477, 46.8252456]], [[7.3215105, 46.8220046], [7.3214022, 46.8222739], [7.3212539, 46.8224389], [7.3206926, 46.8228758], [7.3203306, 46.8232233]], [[7.3212577, 46.8205949], [7.3215093, 46.8207622], [7.3216694, 46.820963], [7.3216982, 46.8211727], [7.3216309, 46.8216199], [7.3215105, 46.8220046]], [[7.3212577, 46.8205949], [7.3214083, 46.8216203], [7.3215105, 46.8220046]], [[7.3214336, 46.8262945], [7.3224896, 46.8269263], [7.3232273, 46.8273012], [7.3244671, 46.828002], [7.3251322, 46.8282096], [7.3254591, 46.8284221], [7.3256312, 46.8284762], [7.3259971, 46.8284411], [7.3261547, 46.8284539], [7.3264502, 46.8285564], [7.3279243, 46.8293519], [7.3286682, 46.8296511], [7.3289563, 46.8299039], [7.3294647, 46.8302272], [7.3295871, 46.8302791], [7.3301442, 46.8303989], [7.3304982, 46.8305248], [7.3305837, 46.8306549], [7.3306168, 46.830807], [7.3305936, 46.8311893], [7.3308078, 46.8312977], [7.3311398, 46.8313467], [7.3315825, 46.8314834]], [[7.3214336, 46.8262945], [7.3217029, 46.8262718], [7.3220679, 46.8263195], [7.3223874, 46.8264467], [7.3227901, 46.8267404]], [[7.3262957, 46.8273431], [7.3266384, 46.8273159], [7.326758, 46.8273367], [7.3267978, 46.827428], [7.3272106, 46.827491], [7.3273898, 46.8276208], [7.3275058, 46.8276603], [7.327799, 46.8277433], [7.3280556, 46.8277549]], [[7.3279632, 46.8275942], [7.3279547, 46.8276472], [7.3280556, 46.8277549]], [[7.3280556, 46.8277549], [7.3287301, 46.8279181], [7.3288315, 46.8279664], [7.3288822, 46.8280965], [7.3292888, 46.82824], [7.3293761, 46.8282316], [7.3296359, 46.8283125], [7.3302026, 46.8286324], [7.3303236, 46.8287583], [7.3306244, 46.8291382], [7.3307744, 46.8294782], [7.3309447, 46.8295926], [7.3310068, 46.8296904], [7.331127, 46.8301026], [7.3314539, 46.8305407], [7.3313805, 46.8309641], [7.3315825, 46.8314834]], [[7.3315825, 46.8314834], [7.3317923, 46.831556], [7.3319266, 46.8316493], [7.3320213, 46.831824], [7.3320274, 46.8319869], [7.3318818, 46.8324149], [7.3318706, 46.8329036], [7.3318014, 46.8330314], [7.33167, 46.8330963], [7.3312953, 46.8331133], [7.3307178, 46.8333543], [7.3297308, 46.8336673], [7.3296425, 46.8337581], [7.3296073, 46.8339693], [7.3299367, 46.8344642], [7.3303522, 46.8347629], [7.3310481, 46.8350805], [7.3311247, 46.8351508], [7.3312381, 46.8354251], [7.3313286, 46.8354829], [7.3315581, 46.8355513], [7.3325166, 46.8354958]], [[7.3325166, 46.8354958], [7.332899, 46.8356491], [7.3335408, 46.8357374], [7.3343329, 46.8359785], [7.3346647, 46.8360367], [7.3357658, 46.8360935], [7.3363144, 46.8362326], [7.3367187, 46.8364121], [7.336901, 46.83653], [7.3370588, 46.8366724], [7.3371772, 46.8368605], [7.3379361, 46.8373319]], [[7.3325166, 46.8354958], [7.3329064, 46.8354206], [7.3331965, 46.8354054], [7.3341196, 46.8352372], [7.3342173, 46.8352529], [7.3344433, 46.8353838], [7.3347397, 46.835439], [7.3353055, 46.8353751], [7.3356999, 46.8353757]], [[7.3369504, 46.8358631], [7.3370321, 46.8359272], [7.3375081, 46.8366919], [7.3378121, 46.8368925], [7.3379259, 46.8370384], [7.3379361, 46.8373319]], [[7.3372919, 46.8387343], [7.3368939, 46.8390755], [7.3366906, 46.8393155], [7.3363027, 46.8399626], [7.3363373, 46.8401708], [7.3365109, 46.8403007], [7.3373651, 46.8404679], [7.3386238, 46.8408741], [7.3390904, 46.8410819], [7.3393499, 46.8418048], [7.3398398, 46.8428379], [7.3396516, 46.8429989], [7.3395612, 46.8436731], [7.339437, 46.84394], [7.3381796, 46.8447259], [7.3380188, 46.8448784], [7.3378988, 46.8450567], [7.3377991, 46.8453378], [7.3377746, 46.8459735], [7.3376773, 46.8461724]], [[7.3380651, 46.8377919], [7.3373825, 46.8384875], [7.3372919, 46.8387343]], [[7.3380651, 46.8377919], [7.3381131, 46.8380794], [7.3380271, 46.8384566], [7.3379248, 46.8385182], [7.3376888, 46.8385479], [7.3372919, 46.8387343]], [[7.3379361, 46.8373319], [7.3380221, 46.8374656], [7.3380651, 46.8377919]]]}}, {"type": "Feature", "properties": {"name": "Sense", "typ": "haupt", "laenge_km": 6.63}, "geometry": {"type": "MultiLineString", "coordinates": [[[7.2961761, 46.7278592], [7.2962106, 46.7280642], [7.2964083, 46.7283649], [7.2964938, 46.7286114], [7.2964594, 46.7290554]], [[7.2961761, 46.7278592], [7.2958265, 46.7283589], [7.2958116, 46.7285713], [7.2959499, 46.7287134], [7.2964594, 46.7290554]], [[7.297872, 46.7247613], [7.2977255, 46.7248082], [7.2975451, 46.7249519], [7.2973267, 46.7252347], [7.2972673, 46.7253975], [7.297271, 46.7256853], [7.2973466, 46.7258922], [7.2973578, 46.7260862], [7.2972806, 46.7264593], [7.2972027, 46.7266018], [7.2967393, 46.7269291], [7.2964198, 46.7272358], [7.2962062, 46.7276113], [7.2961761, 46.7278592]], [[7.2964594, 46.7290554], [7.2966237, 46.7291985], [7.2966868, 46.7293493], [7.2967394, 46.7296816]], [[7.2965576, 46.7299439], [7.2967303, 46.7306901], [7.2969038, 46.7309232], [7.2972961, 46.7312726], [7.2973911, 46.7314615], [7.2973566, 46.7318233], [7.2972574, 46.7322342], [7.2974433, 46.7332234], [7.2974314, 46.7334848], [7.2976323, 46.7340423], [7.2976123, 46.7341986], [7.2973393, 46.7349228], [7.297203, 46.7351086], [7.2970098, 46.7352558], [7.2967684, 46.735715]], [[7.2965576, 46.7299439], [7.2961452, 46.7301658], [7.2959278, 46.7303775], [7.2958098, 46.7306138], [7.2957834, 46.7308643], [7.2959929, 46.7317287], [7.2959897, 46.732283], [7.2961674, 46.7327955], [7.2962388, 46.7331554], [7.2964119, 46.7335985], [7.2968094, 46.7341206], [7.296806, 46.7343937], [7.2966107, 46.7350591], [7.2966736, 46.7355051], [7.2967684, 46.735715]], [[7.2967394, 46.7296816], [7.2965576, 46.7299439]], [[7.2978534, 46.7275633], [7.2978169, 46.7278007], [7.2979055, 46.72843], [7.2978773, 46.7285364], [7.2975336, 46.7291674], [7.2974146, 46.7293061], [7.2967394, 46.7296816]], [[7.2967684, 46.735715], [7.2967844, 46.7359064], [7.2967461, 46.7360905], [7.2966602, 46.7362331], [7.2963824, 46.7365376], [7.2964123, 46.7368297], [7.2967338, 46.7376983], [7.2968448, 46.7383909], [7.2970187, 46.7388696], [7.2971637, 46.7391483], [7.2973073, 46.7398615], [7.2973748, 46.7400409], [7.2975462, 46.7402078], [7.2979583, 46.7404837], [7.2980502, 46.7406107], [7.2980707, 46.7407514], [7.2979938, 46.741117], [7.2980143, 46.7412508], [7.2980899, 46.7413846], [7.2983185, 46.7415791], [7.2987591, 46.7418537]], [[7.2979574, 46.7260856], [7.2975406, 46.726708], [7.2975686, 46.7268403], [7.2978168, 46.7272591], [7.2978534, 46.7275633]], [[7.2979574, 46.7260856], [7.2982504, 46.7265352], [7.298336, 46.726791], [7.2983335, 46.7269613], [7.2980298, 46.7273831], [7.2978534, 46.7275633]], [[7.297872, 46.7247613], [7.2978939, 46.7253993], [7.2978237, 46.7255861], [7.2978333, 46.725664], [7.2980639, 46.7259444]], [[7.2982865, 46.7240221], [7.2981179, 46.7242701], [7.2980933, 46.7244729], [7.2979621, 46.7246029], [7.297872, 46.7247613]], [[7.2980639, 46.7259444], [7.2979574, 46.7260856]], [[7.2983345, 46.7255271], [7.2980639, 46.7259444]], [[7.2982865, 46.7240221], [7.2982765, 46.7241708], [7.2983385, 46.7244327], [7.2982745, 46.7245801], [7.2981306, 46.7253337], [7.2981624, 46.7254469], [7.2983345, 46.7255271]], [[7.2989234, 46.7199849], [7.2990201, 46.7203225], [7.299152, 46.7205027], [7.299448, 46.7207432], [7.299539, 46.7209183], [7.2996963, 46.7210263], [7.2997464, 46.721235], [7.3001, 46.7213658], [7.3003942, 46.7216012], [7.3003893, 46.7216592], [7.3001889, 46.7219199], [7.2998488, 46.7222674], [7.2993255, 46.7225406], [7.2987869, 46.7229472], [7.2986169, 46.7232258], [7.2985775, 46.7234199], [7.2984507, 46.7235871], [7.2982865, 46.7240221]], [[7.300519, 46.7225566], [7.300097, 46.7227915], [7.299722, 46.7234315], [7.2996658, 46.7237098], [7.2995184, 46.7239895], [7.298696, 46.7246516], [7.2987311, 46.7247783], [7.2987002, 46.7248898], [7.2984703, 46.7251788], [7.2983345, 46.7255271]], [[7.3015349, 46.719519], [7.3019466, 46.7199901], [7.3022593, 46.7202583], [7.3021159, 46.7204836], [7.3018688, 46.7207625], [7.3016487, 46.7209272], [7.3013134, 46.7214042], [7.3008541, 46.7217354], [7.3006188, 46.7222229], [7.300519, 46.7225566]], [[7.304364, 46.718955], [7.3040642, 46.7190401], [7.3037129, 46.719353], [7.3027789, 46.7202783], [7.3025709, 46.7205639], [7.3010521, 46.7221826], [7.300519, 46.7225566]], [[7.3065049, 46.7176854], [7.3059815, 46.7179391], [7.3058264, 46.7180595], [7.3051472, 46.7182878], [7.3048315, 46.7184508], [7.3047168, 46.7185471], [7.3045, 46.718853], [7.304364, 46.718955]], [[7.3059814, 46.7187084], [7.3052634, 46.7189678], [7.3045358, 46.7189427], [7.304364, 46.718955]], [[7.3065049, 46.7176854], [7.3063434, 46.7182517], [7.3059814, 46.7187084]], [[7.3071722, 46.7170835], [7.3070317, 46.7172427], [7.3065806, 46.7182845], [7.3063046, 46.7185732], [7.3059814, 46.7187084]], [[7.3071722, 46.7170835], [7.306956, 46.717184], [7.3068162, 46.7173101], [7.3065049, 46.7176854]], [[7.30782, 46.716934], [7.3076395, 46.7168933], [7.3075157, 46.7169131], [7.3071722, 46.7170835]]]}}, {"type": "Feature", "properties": {"name": "Sense", "typ": "haupt", "laenge_km": 0.56}, "geometry": {"type": "LineString", "coordinates": [[7.3369753, 46.8466153], [7.3365016, 46.8467924], [7.3363694, 46.8468775], [7.3362673, 46.8470413], [7.3362966, 46.8472115], [7.3366457, 46.8473432], [7.3368366, 46.8476776], [7.3369706, 46.8478148], [7.3372879, 46.8479333], [7.3381203, 46.8480345], [7.3383337, 46.8480957], [7.3385291, 46.848295], [7.3387441, 46.8484014], [7.3388076, 46.8484685], [7.3388932, 46.8485866], [7.3389388, 46.8487765], [7.3388524, 46.8497487], [7.3387016, 46.8501634], [7.3387763, 46.8503171]]}}, {"type": "Feature", "properties": {"name": "Stadtbach", "typ": "neben", "laenge_km": 14.21}, "geometry": {"type": "LineString", "coordinates": [[7.3240675, 46.9043979], [7.328877, 46.9042638], [7.3300097, 46.9043652], [7.3309892, 46.9045715], [7.331708, 46.9048016], [7.332528, 46.9049377], [7.3344573, 46.9049773], [7.3350694, 46.9049066], [7.3368378, 46.9043249], [7.337627, 46.9041275], [7.3381641, 46.9041472], [7.3383747, 46.9042972], [7.3402236, 46.904063], [7.3405782, 46.9040542], [7.3416397, 46.9042649], [7.3417723, 46.9043682], [7.3427088, 46.904551], [7.3432238, 46.9046814], [7.3444829, 46.9049064], [7.344605, 46.9048329], [7.3459702, 46.905076], [7.3461056, 46.9051657], [7.3482568, 46.905285], [7.348552, 46.905259], [7.3490897, 46.9051401], [7.349803, 46.9050937], [7.350594, 46.9051483], [7.3513662, 46.9052536], [7.3518104, 46.9054519], [7.3525515, 46.9058466], [7.3529982, 46.9062259], [7.3532203, 46.9062793], [7.3545364, 46.9062722], [7.3554514, 46.9061518], [7.3556631, 46.9061708], [7.3572774, 46.9060639], [7.3575059, 46.9064409], [7.3576372, 46.9068428], [7.3577248, 46.9069311], [7.357998, 46.9070926], [7.358072, 46.907194], [7.3582507, 46.907504], [7.3583061, 46.9076818], [7.3584709, 46.9079396], [7.3586557, 46.908133], [7.359291, 46.9092872], [7.3592148, 46.909864], [7.3592598, 46.9099715], [7.3602333, 46.9117017], [7.3615205, 46.9142097], [7.3633639, 46.9175905], [7.3639624, 46.9184436], [7.364319, 46.9188481], [7.3648102, 46.9193268], [7.365329, 46.9197603], [7.3663159, 46.920414], [7.3696849, 46.9222795], [7.3701311, 46.9219673], [7.3709659, 46.9222413], [7.3728385, 46.9230566], [7.3744613, 46.9237218], [7.3761185, 46.9246369], [7.376732, 46.925011], [7.3774427, 46.9256958], [7.3779441, 46.9263566], [7.3783264, 46.9266035], [7.3781837, 46.9267869], [7.3784342, 46.9276712], [7.3799062, 46.9292461], [7.3799699, 46.9294497], [7.3798459, 46.9296469], [7.379857, 46.9297471], [7.3806268, 46.930532], [7.3807448, 46.9305818], [7.3808214, 46.9306935], [7.3810093, 46.9307867], [7.3808707, 46.9313256], [7.3809265, 46.9313906], [7.3809271, 46.9315364], [7.3811382, 46.9315987], [7.3815123, 46.9317758], [7.3817413, 46.9317821], [7.3818151, 46.9318611], [7.3819813, 46.9319279], [7.3822925, 46.9319979], [7.3824406, 46.9320799], [7.3826549, 46.9321333], [7.3828926, 46.9322745], [7.3832001, 46.9323698], [7.3832668, 46.9324352], [7.3834487, 46.9324767], [7.383549, 46.9325413], [7.38395, 46.9326397], [7.3841865, 46.9327755], [7.3843696, 46.9328305], [7.3844088, 46.9328778], [7.3846087, 46.9329329], [7.3846335, 46.93299], [7.3853837, 46.9334101], [7.3855232, 46.9335365], [7.3860581, 46.9338707], [7.3866938, 46.9342153], [7.387804, 46.9349563], [7.3892352, 46.935961], [7.3895836, 46.936223], [7.3900176, 46.9366165], [7.3907212, 46.9376042], [7.3907173, 46.9378177], [7.3902624, 46.938264], [7.3902726, 46.9383346], [7.3904723, 46.938569], [7.3906878, 46.9389532], [7.3906784, 46.9390983], [7.3905249, 46.9395323], [7.3905319, 46.9399365], [7.390392, 46.9403242], [7.3906527, 46.9407454], [7.3906583, 46.9412781], [7.3908363, 46.9416931], [7.3911041, 46.9421511], [7.3914459, 46.9430361], [7.3913003, 46.9435856], [7.3913033, 46.9437057], [7.3914606, 46.9440721], [7.3915872, 46.9442452], [7.3918136, 46.9444019], [7.3918362, 46.9445556], [7.3926633, 46.9450624], [7.3927089, 46.9452922], [7.3926427, 46.9456434], [7.3926594, 46.9460709], [7.392838, 46.9464758], [7.3929998, 46.9466632], [7.3932901, 46.9468551], [7.3937954, 46.9470989], [7.3950419, 46.94785], [7.3954498, 46.948063], [7.3958849, 46.9482374], [7.3984628, 46.9491289], [7.3999671, 46.9494728], [7.4017843, 46.9495458], [7.4026628, 46.949496], [7.4050583, 46.949277], [7.4052576, 46.9492066], [7.406814, 46.9483504], [7.4068541, 46.9482984], [7.4068728, 46.9476839], [7.4069081, 46.9476452], [7.4074343, 46.9476479], [7.4077949, 46.9476883], [7.4090857, 46.9481786], [7.4094141, 46.9481925], [7.4104552, 46.9481508], [7.410943, 46.9482018], [7.411191, 46.9482666], [7.4121517, 46.9482287], [7.4124482, 46.9483392], [7.4125528, 46.9483378], [7.412702, 46.9482216], [7.4141479, 46.9481626], [7.4149062, 46.9486358], [7.4165154, 46.9473633], [7.4164193, 46.9469829], [7.4161124, 46.9468393], [7.4161149, 46.9465165], [7.4162343, 46.946369], [7.4164969, 46.9462814], [7.4170149, 46.9462442], [7.41717, 46.9460742], [7.417283, 46.9460184], [7.4200569, 46.9454215], [7.4201729, 46.9453534], [7.4203864, 46.9450204], [7.4205985, 46.9448756], [7.4207515, 46.9448256], [7.4213263, 46.9447954], [7.4218238, 46.9448347], [7.4220101, 46.9448767], [7.4230755, 46.945438], [7.4241387, 46.9464582], [7.4250825, 46.9468849], [7.4252099, 46.9468875], [7.4255379, 46.9470927], [7.4256596, 46.9470645], [7.4259628, 46.9472535], [7.4263662, 46.9474279], [7.4280454, 46.9479113], [7.4286358, 46.9482594], [7.4295547, 46.948407], [7.4301044, 46.9483383], [7.4305253, 46.9483557], [7.4309573, 46.9484119], [7.4312472, 46.9484631], [7.4314245, 46.9486042], [7.4320818, 46.9487062], [7.432461, 46.948852], [7.4332648, 46.9490077], [7.4336917, 46.9489851], [7.4346415, 46.9488055], [7.4351918, 46.9487899], [7.4354107, 46.9477874], [7.4355019, 46.9476794], [7.4359221, 46.947674], [7.4370992, 46.9477658], [7.4375221, 46.9476738], [7.4375577, 46.9476111], [7.4385675, 46.9477724], [7.4386454, 46.9477224], [7.4387427, 46.9475132], [7.4388607, 46.947476], [7.4409908, 46.9478445], [7.4411524, 46.9477949], [7.4423808, 46.9480514], [7.443491, 46.9482169], [7.4442479, 46.9481656], [7.4455258, 46.9479763], [7.4461019, 46.9479309], [7.4474579, 46.9479261], [7.4485059, 46.9479765], [7.4492947, 46.9479558], [7.4517604, 46.9479788], [7.4533859, 46.9481414], [7.454555, 46.9483864], [7.4555609, 46.9486676], [7.4560321, 46.9487488], [7.45609, 46.9488909], [7.4560536, 46.9489731], [7.4560551, 46.9491953], [7.4559016, 46.9498204], [7.4558477, 46.94998], [7.4558017, 46.9500088], [7.4557441, 46.9502406]]}}, {"type": "Feature", "properties": {"name": "Stämpach", "typ": "neben", "laenge_km": 5.95}, "geometry": {"type": "MultiLineString", "coordinates": [[[7.5663167, 46.9582822], [7.5659025, 46.9580284], [7.5658698, 46.9579745], [7.5659888, 46.9577838], [7.5661217, 46.9572625], [7.5660128, 46.9571306], [7.5658066, 46.9570071], [7.5656329, 46.9569806], [7.565492, 46.9570094], [7.5653168, 46.9569479], [7.5650283, 46.9565939], [7.5649826, 46.9563349], [7.5650715, 46.955541], [7.5647305, 46.9548813], [7.5645345, 46.9547137], [7.5640896, 46.9544731], [7.5639917, 46.9542774], [7.5639454, 46.9540303], [7.5638121, 46.953932], [7.563378, 46.9538405], [7.5629512, 46.9538288], [7.5626712, 46.9537783], [7.5621843, 46.9534623], [7.5619039, 46.9533587], [7.5616923, 46.9533323], [7.5613942, 46.9533607], [7.5609699, 46.9534798], [7.5594804, 46.9534783], [7.5572936, 46.9535394], [7.5563476, 46.9535315], [7.5557898, 46.9534497], [7.5550559, 46.9533872], [7.5539549, 46.9533873], [7.5533424, 46.9535067], [7.5530718, 46.9535977], [7.5515752, 46.9543658], [7.5511821, 46.9545254], [7.5507699, 46.9546212], [7.5498739, 46.9547028], [7.5494882, 46.9547695], [7.549225, 46.954779], [7.5491367, 46.9547578], [7.5488871, 46.9545981], [7.5486315, 46.9543405], [7.5483247, 46.9542234], [7.5471826, 46.9542638], [7.5465795, 46.9541883], [7.5464272, 46.9541316]], [[7.5715147, 46.9626992], [7.571204, 46.9626344], [7.5705173, 46.9623145], [7.5703776, 46.9622134], [7.5702039, 46.9620127], [7.5697962, 46.9618332], [7.5695058, 46.9616141], [7.5691138, 46.9612393], [7.568781, 46.9610216], [7.5685769, 46.9607638], [7.5683914, 46.9602969], [7.5682531, 46.9601996], [7.5679789, 46.9601328], [7.5677845, 46.9600445], [7.5676768, 46.9598928], [7.5672407, 46.9596255], [7.5672029, 46.9594753], [7.5672387, 46.9593362], [7.5672198, 46.9592118], [7.5671669, 46.9591103], [7.5670159, 46.9589801], [7.5670139, 46.9587842], [7.5668496, 46.9586418], [7.5664513, 46.9584151], [7.5663167, 46.9582822]], [[7.5715147, 46.9626992], [7.5713387, 46.9627235], [7.5706257, 46.9625622], [7.5701821, 46.9623782], [7.5699653, 46.9622159], [7.5695004, 46.9620246], [7.5690569, 46.9618702], [7.5687864, 46.9618411], [7.5684408, 46.9617594], [7.5673584, 46.9614181], [7.5670953, 46.9613606], [7.5664919, 46.9610889], [7.566271, 46.9608977], [7.5658218, 46.9603311], [7.5661657, 46.9600348], [7.5655477, 46.959174], [7.5657224, 46.9589912], [7.5659348, 46.9585492], [7.5660519, 46.9584058], [7.5663167, 46.9582822]], [[7.590703, 46.9721044], [7.5902783, 46.9719838], [7.5898434, 46.9724979], [7.5896543, 46.9726332], [7.5869728, 46.9735156], [7.5865165, 46.9737001], [7.585741, 46.9737741], [7.5852328, 46.9738855], [7.5849695, 46.9739138], [7.5845868, 46.9738888], [7.5840678, 46.9736953], [7.5837402, 46.9737182], [7.5831181, 46.9739493], [7.5829316, 46.9739838], [7.5821031, 46.9739604], [7.5817986, 46.9739141], [7.5817044, 46.9738689], [7.5814205, 46.9735115], [7.5814379, 46.9733272], [7.5814637, 46.973227], [7.581738, 46.9728061], [7.5818442, 46.9725039], [7.5817648, 46.9723], [7.5813278, 46.9716252], [7.5810149, 46.9712687], [7.5797898, 46.9701203], [7.5795539, 46.969747], [7.5792667, 46.9695412], [7.5788422, 46.969346], [7.5784077, 46.9689194], [7.5780966, 46.9687039], [7.5779531, 46.9684698], [7.5778549, 46.968023], [7.5775824, 46.9678872], [7.5768565, 46.966895], [7.5764455, 46.9665358], [7.5763347, 46.9649712], [7.5763548, 46.9647647], [7.576299, 46.9646051], [7.5762624, 46.9641761], [7.5762909, 46.9640423], [7.5762251, 46.9638738], [7.575832, 46.963246], [7.5757356, 46.96316], [7.5751806, 46.9628956], [7.5750192, 46.9627102], [7.5744619, 46.9626364], [7.5742092, 46.9625689], [7.5739085, 46.9625377], [7.5730471, 46.9625798], [7.5727592, 46.9624998], [7.5724434, 46.9624598], [7.5722141, 46.9624924], [7.5718651, 46.9626806], [7.5717554, 46.9627025], [7.5715147, 46.9626992]]]}}, {"type": "Feature", "properties": {"name": "Sulgebach", "typ": "neben", "laenge_km": 5.52}, "geometry": {"type": "MultiLineString", "coordinates": [[[7.412883, 46.9232491], [7.4132236, 46.9244682], [7.4134389, 46.9250484], [7.4138889, 46.9260138], [7.4156019, 46.9281823], [7.4165134, 46.9294259], [7.4164926, 46.929948], [7.4166165, 46.9300187], [7.4170561, 46.9300504], [7.4173062, 46.9302446], [7.4180388, 46.930663], [7.4184144, 46.9307563], [7.4190073, 46.9306824], [7.4190393, 46.9307016], [7.4190311, 46.9316272], [7.4191847, 46.9317706], [7.4196047, 46.9323523], [7.4197192, 46.9332552], [7.4198267, 46.9333264], [7.4202682, 46.9333906], [7.4203567, 46.9334568], [7.42032, 46.9337175], [7.419141, 46.9347465], [7.4180505, 46.9352971], [7.4166797, 46.9359105], [7.4165487, 46.9360472], [7.4161977, 46.9367431], [7.4166811, 46.9376678], [7.4176454, 46.9393041], [7.420848, 46.9436849], [7.4225241, 46.9444076], [7.42316, 46.9445855], [7.4241237, 46.9445856], [7.427392, 46.9430856], [7.4280489, 46.9425799], [7.42824, 46.9425299], [7.4306597, 46.9422235], [7.43076, 46.9421488], [7.4309583, 46.9415277], [7.4310319, 46.9414496], [7.432314, 46.9410324], [7.4331656, 46.9408532], [7.4339353, 46.940483], [7.4347876, 46.9402102], [7.4351053, 46.94025], [7.4357567, 46.9401029], [7.4361481, 46.9401516], [7.4363492, 46.9402857], [7.4365617, 46.9405164], [7.4366922, 46.9405984], [7.437205, 46.9407316], [7.4388247, 46.9414639], [7.4397433, 46.941304], [7.4418149, 46.9410955], [7.4429853, 46.9410416]], [[7.4349614, 46.9402215], [7.4359439, 46.9399242], [7.4363538, 46.9399077], [7.437007, 46.9402227], [7.4374667, 46.9406019], [7.437964, 46.940636], [7.4385453, 46.9405616], [7.4390119, 46.9405601], [7.4392318, 46.9406387], [7.4395299, 46.9408094], [7.4407506, 46.9409137], [7.4417067, 46.9408042], [7.4429853, 46.9410416]], [[7.4429853, 46.9410416], [7.4445264, 46.9410032], [7.4447395, 46.9410382], [7.4451008, 46.9410105]]]}}, {"type": "Feature", "properties": {"name": "Sulgebach", "typ": "neben", "laenge_km": 6.22}, "geometry": {"type": "MultiLineString", "coordinates": [[[7.4477331, 46.9065937], [7.4477726, 46.9071964], [7.4477191, 46.9072583], [7.4460767, 46.9076591], [7.4449276, 46.9078372], [7.4448024, 46.9078913], [7.4447126, 46.9079879], [7.4441206, 46.9082012], [7.4421148, 46.9092283], [7.4411892, 46.9096679], [7.4408594, 46.9097931], [7.4405369, 46.9097827], [7.4403579, 46.9098551], [7.440112, 46.9098448], [7.4399263, 46.9099401], [7.4398072, 46.9099341], [7.4392736, 46.9100385], [7.4386037, 46.91023], [7.4373128, 46.9104357], [7.4371828, 46.910519], [7.437092, 46.9105174], [7.4369632, 46.9105692], [7.436784, 46.9105625], [7.4366024, 46.9106047], [7.436498, 46.9105857], [7.4363975, 46.9106199], [7.4360024, 46.9106491], [7.435538, 46.9107623], [7.4352973, 46.9107376], [7.4347334, 46.9108553], [7.4343918, 46.910954], [7.4343824, 46.9109953], [7.4342812, 46.9110117], [7.433989, 46.9111735], [7.4337995, 46.9111819], [7.4334301, 46.9113605], [7.4332748, 46.9114754], [7.433197, 46.9114652], [7.4330664, 46.9115084], [7.4329976, 46.9115719], [7.4326214, 46.9115646], [7.4325179, 46.9116227], [7.4323601, 46.9116463], [7.4319238, 46.9119856], [7.4316869, 46.9120977], [7.4316361, 46.912168], [7.4316153, 46.9122862], [7.4316761, 46.9124808], [7.4316004, 46.9127766], [7.4312495, 46.9129772], [7.4310463, 46.9130408], [7.4309704, 46.9131243], [7.4307175, 46.9132387], [7.4306284, 46.9133106], [7.4301782, 46.9134886], [7.4300438, 46.9135701], [7.4297484, 46.9136254], [7.4296211, 46.9136023], [7.4294325, 46.9136258], [7.4293917, 46.9137019], [7.4294488, 46.9137895], [7.4293918, 46.9138329], [7.4293304, 46.913834], [7.4291621, 46.9137581], [7.4287969, 46.9138279], [7.4288336, 46.9139669], [7.4287884, 46.9139965], [7.428721, 46.9139915], [7.4286216, 46.9139296], [7.4285434, 46.9139562], [7.428506, 46.9141134], [7.4284089, 46.9141896], [7.4284094, 46.914276], [7.4283034, 46.9142532], [7.4281926, 46.9143347], [7.4279232, 46.9143408], [7.4276983, 46.9144217], [7.4276501, 46.9144155], [7.4275724, 46.9142925], [7.4275119, 46.9142874], [7.4274248, 46.9144363], [7.4268777, 46.9146786], [7.4267737, 46.9148162], [7.4265067, 46.9150324], [7.4259114, 46.9153187], [7.4244565, 46.9159366], [7.424197, 46.9160729], [7.4231008, 46.9164604], [7.4223454, 46.9167893], [7.4209158, 46.9173409], [7.4207942, 46.9174382], [7.4206716, 46.9176507], [7.420706, 46.9179282], [7.420624, 46.918039], [7.4205898, 46.9182478], [7.4202713, 46.9184639], [7.4198828, 46.9189089], [7.4198223, 46.9191289], [7.4196997, 46.919211]], [[7.4416301, 46.8990822], [7.441867, 46.89904], [7.4418342, 46.8987852], [7.4420203, 46.898353], [7.4424568, 46.8981755], [7.4426185, 46.8980254], [7.4433922, 46.8975663], [7.4440956, 46.8969267], [7.4442803, 46.8966674]], [[7.442331, 46.8944815], [7.4424917, 46.8946015], [7.4425585, 46.8947109], [7.4425911, 46.8949602], [7.4425573, 46.8950475], [7.4425728, 46.8954447], [7.4426608, 46.8956909], [7.4422332, 46.8958833], [7.4423463, 46.8963784], [7.4442803, 46.8966674]], [[7.4442803, 46.8966674], [7.4446057, 46.8967156], [7.4467302, 46.897905], [7.4479055, 46.898636], [7.4479678, 46.8987819], [7.4484157, 46.8994102], [7.4484057, 46.8994973], [7.4484768, 46.899629], [7.4486264, 46.8997604], [7.449325, 46.9001292]], [[7.44703, 46.9047403], [7.447651, 46.9048903]], [[7.4470498, 46.9061897], [7.4477331, 46.9065937]], [[7.447651, 46.9048903], [7.4475961, 46.9050431], [7.4475995, 46.9051791], [7.4477331, 46.9065937]], [[7.447994, 46.9044941], [7.4478513, 46.9047504], [7.447651, 46.9048903]], [[7.4489325, 46.9008337], [7.4485405, 46.9008952], [7.4482797, 46.9009824], [7.4479528, 46.901196], [7.4474085, 46.9017751], [7.4472034, 46.9021106], [7.4470276, 46.9025379], [7.4469774, 46.9027631], [7.4469895, 46.9032543], [7.4468325, 46.9036652], [7.4468888, 46.903893], [7.4470296, 46.9040622], [7.4472245, 46.9042086], [7.4476327, 46.9043662], [7.4478948, 46.9044074], [7.447994, 46.9044941]], [[7.449325, 46.9001292], [7.4493627, 46.9002461], [7.4492759, 46.9002908], [7.4485464, 46.9023938], [7.4485551, 46.9026318], [7.4486593, 46.9029353], [7.4486594, 46.9031554], [7.4482775, 46.9039944], [7.447994, 46.9044941]], [[7.4542608, 46.8954972], [7.4535936, 46.8958458], [7.4535169, 46.8959519], [7.4535419, 46.8962505], [7.4534883, 46.8963059], [7.4528746, 46.8965612], [7.4524859, 46.8968915], [7.4523441, 46.897106], [7.4520716, 46.8972939], [7.4520346, 46.8974413], [7.4521023, 46.8975858], [7.4520514, 46.8978652], [7.4519243, 46.898059], [7.4517545, 46.8981611], [7.4516448, 46.898349], [7.4509135, 46.8988641], [7.450738, 46.8990179], [7.4505005, 46.8993422], [7.450216, 46.899454], [7.4498255, 46.8998176], [7.4494357, 46.9000095], [7.449325, 46.9001292]]]}}, {"type": "Feature", "properties": {"name": "Tubegrabe", "typ": "haupt", "laenge_km": 0.57}, "geometry": {"type": "MultiLineString", "coordinates": [[[7.4711265, 46.7102273], [7.4712712, 46.7103282], [7.4714267, 46.7103607], [7.4724093, 46.7107903], [7.4728734, 46.7110621], [7.4730944, 46.7111141], [7.4732034, 46.7111985]], [[7.4728269, 46.7103539], [7.4730797, 46.7107118], [7.4732034, 46.7111985]], [[7.4732034, 46.7111985], [7.4733549, 46.7113806], [7.473445, 46.7114384], [7.4738483, 46.7116095], [7.4745678, 46.711688], [7.4748805, 46.711649], [7.4750676, 46.7116788], [7.475237, 46.7118095], [7.4754962, 46.7118778], [7.4763843, 46.7118387]]]}}, {"type": "Feature", "properties": {"name": "Urtene", "typ": "haupt", "laenge_km": 1.08}, "geometry": {"type": "LineString", "coordinates": [[7.4341526, 47.033807], [7.4351874, 47.0336431], [7.4346925, 47.0322723], [7.4453997, 47.0302853]]}}, {"type": "Feature", "properties": {"name": "Urtene", "typ": "haupt", "laenge_km": 0.54}, "geometry": {"type": "LineString", "coordinates": [[7.4865486, 47.0197349], [7.489108, 47.0198583], [7.4894602, 47.0198985], [7.4899187, 47.0198807], [7.4906769, 47.0199796], [7.4909134, 47.0200639], [7.4910741, 47.020198], [7.4912846, 47.0202439], [7.4913364, 47.0203134], [7.4916282, 47.0204176], [7.4918043, 47.0205293], [7.4919648, 47.0205566], [7.4922083, 47.020744], [7.4925276, 47.0207973], [7.4929196, 47.0211076]]}}, {"type": "Feature", "properties": {"name": "Urtene", "typ": "haupt", "laenge_km": 8.77}, "geometry": {"type": "LineString", "coordinates": [[7.5028559, 47.0264684], [7.503504, 47.0260502], [7.5039766, 47.0259264], [7.5046668, 47.025923], [7.5058136, 47.0259764], [7.5064432, 47.0260127], [7.5068885, 47.0260772], [7.5077246, 47.0262977], [7.5098563, 47.0271348], [7.5103145, 47.0274328], [7.5106801, 47.0278006], [7.5109204, 47.0281993], [7.5116547, 47.0300955], [7.5116839, 47.0303364], [7.5115797, 47.0305632], [7.5096971, 47.0328903], [7.5094198, 47.0333841], [7.5091743, 47.0341198], [7.5090426, 47.0343991], [7.5080228, 47.0361451], [7.5079868, 47.0363113], [7.5080115, 47.0364809], [7.508389, 47.0374571], [7.5093715, 47.039258], [7.5098384, 47.0397391], [7.5102996, 47.0400588], [7.5110261, 47.0403758], [7.5116165, 47.040508], [7.512005, 47.0405453], [7.5144307, 47.0406241], [7.5148034, 47.0407128], [7.5151336, 47.0408879], [7.5177115, 47.0426476], [7.5180082, 47.0428091], [7.5183499, 47.0429336], [7.5184559, 47.0431189], [7.5186353, 47.0432369], [7.518668, 47.0434224], [7.5186053, 47.0435156], [7.5186798, 47.0436004], [7.5186867, 47.0440601], [7.5187561, 47.044241], [7.5189598, 47.0445349], [7.5190985, 47.0448443], [7.5196425, 47.0457415], [7.5206887, 47.0476364], [7.5207817, 47.0481727], [7.5206488, 47.0489865], [7.520669, 47.0492141], [7.5207805, 47.0494903], [7.5213822, 47.0504081], [7.5216036, 47.0506317], [7.5218239, 47.0507955], [7.5221626, 47.0509569], [7.522455, 47.0510556], [7.5228177, 47.0511253], [7.5232557, 47.051144], [7.5268032, 47.0509592], [7.5275221, 47.0510588], [7.5287569, 47.0513654], [7.52906, 47.051546], [7.5293559, 47.0518036], [7.529533, 47.0518661], [7.5296496, 47.0519938], [7.5300679, 47.0521795], [7.530468, 47.0522995], [7.5306667, 47.0524381], [7.5308187, 47.0524985], [7.5309486, 47.052505], [7.5312838, 47.0524528], [7.5315208, 47.0525508], [7.5319127, 47.0525783], [7.53207, 47.052669], [7.5322818, 47.0527352], [7.5325394, 47.0527676], [7.5328008, 47.0529075], [7.5330366, 47.0529375], [7.5332819, 47.0530266], [7.5335158, 47.0531652], [7.5337884, 47.0532217], [7.5344038, 47.0534492], [7.5346724, 47.0536742], [7.5350321, 47.0538385], [7.5353521, 47.0540592], [7.535699, 47.0542235], [7.5357677, 47.0543397], [7.5359224, 47.0544617], [7.5362715, 47.0546342], [7.5364992, 47.054903], [7.5369564, 47.0550978], [7.5375793, 47.0555085], [7.5376668, 47.0556097], [7.5379508, 47.0557882], [7.5381642, 47.055873], [7.5382517, 47.0559757], [7.5385198, 47.0560954], [7.5386053, 47.0562272], [7.5389871, 47.0564563], [7.5391563, 47.0565135], [7.539521, 47.056917], [7.5395537, 47.0571412], [7.5396734, 47.0573371], [7.5397295, 47.0575513], [7.5399286, 47.0577429], [7.5399371, 47.0579826], [7.5401483, 47.0582517], [7.5401909, 47.0585929], [7.540502, 47.05908], [7.5404583, 47.0592599], [7.5405251, 47.059499], [7.5404019, 47.0597374], [7.5403589, 47.06001], [7.5402545, 47.0600938], [7.5400745, 47.0603697], [7.5398113, 47.0604882], [7.5394498, 47.0608429], [7.5386584, 47.0614738], [7.538596, 47.0615775], [7.5382534, 47.061818], [7.5380344, 47.0621092], [7.5377587, 47.0622702], [7.5376441, 47.0623949], [7.5376518, 47.0625831], [7.537534, 47.0627978], [7.5375371, 47.0628684], [7.5376644, 47.0632709], [7.5377911, 47.0634686], [7.5378144, 47.063605], [7.5384258, 47.0651095], [7.5387031, 47.0678089], [7.5389076, 47.0680309], [7.542019, 47.0705043], [7.5421746, 47.070702], [7.5425735, 47.0731563], [7.5424955, 47.0734901], [7.5421651, 47.0739287], [7.5421308, 47.0740484], [7.5424074, 47.0756324], [7.5424053, 47.0761101], [7.5422662, 47.0768658], [7.5419291, 47.0782619], [7.5404039, 47.0794477], [7.5389718, 47.0806715], [7.5375635, 47.082066], [7.5362528, 47.0835847]]}}, {"type": "Feature", "properties": {"name": "Urtene", "typ": "haupt", "laenge_km": 3.32}, "geometry": {"type": "LineString", "coordinates": [[7.5323473, 47.0916315], [7.5321452, 47.0926815], [7.5318294, 47.095056], [7.5314557, 47.098315], [7.5299367, 47.1104369], [7.5298274, 47.1113731], [7.5298511, 47.1117527], [7.5299004, 47.1120061], [7.530022, 47.112271], [7.5301817, 47.1125515], [7.5304516, 47.112895], [7.5306747, 47.1133347], [7.531181, 47.113787], [7.5317611, 47.1141391], [7.5318511, 47.1142868], [7.5318413, 47.1144058], [7.5316645, 47.1146716], [7.5315058, 47.1148343], [7.5311437, 47.1150599], [7.5310606, 47.1151595], [7.5310712, 47.1153533], [7.5312915, 47.1158117], [7.5317801, 47.1163693], [7.5322964, 47.1171695], [7.5330529, 47.1179276], [7.5338285, 47.1188854], [7.5344887, 47.1195061], [7.5352399, 47.1196918], [7.5354214, 47.1196328]]}}, {"type": "Feature", "properties": {"name": "Urtene-Kanal", "typ": "haupt", "laenge_km": 1.48}, "geometry": {"type": "LineString", "coordinates": [[7.4520844, 47.030774], [7.4517997, 47.0297104], [7.4518195, 47.0295897], [7.4518897, 47.0295424], [7.458467, 47.0291704], [7.4600972, 47.028998], [7.4608677, 47.0288855], [7.4662848, 47.0277217], [7.4666227, 47.0275846], [7.4683113, 47.0266163], [7.468514, 47.0265429]]}}, {"type": "Feature", "properties": {"name": "Urtenebach", "typ": "haupt", "laenge_km": 1.3}, "geometry": {"type": "LineString", "coordinates": [[7.4929196, 47.0211076], [7.4940059, 47.0218723], [7.494215, 47.0220585], [7.4943204, 47.0222162], [7.4944192, 47.0225328], [7.494404, 47.0227676], [7.4939008, 47.0244508], [7.4938941, 47.0246011], [7.4939583, 47.0248458], [7.4940672, 47.0250134], [7.4943696, 47.0253263], [7.4946477, 47.0255398], [7.4948497, 47.0256502], [7.4952641, 47.025814], [7.4969709, 47.0261583], [7.4973933, 47.0263712], [7.4977167, 47.0265693], [7.4978263, 47.0266764], [7.4984487, 47.0270226], [7.4987321, 47.0272705], [7.4989441, 47.0273003], [7.4991267, 47.0274261], [7.499417, 47.0274908], [7.4996048, 47.027639], [7.4997369, 47.0276688], [7.5000376, 47.0276537], [7.5003261, 47.0275899], [7.5012574, 47.0271279], [7.5015475, 47.0269369], [7.5017334, 47.0268669], [7.5020409, 47.0266572], [7.5028559, 47.0264684]]}}, {"type": "Feature", "properties": {"name": "Urtenekanal", "typ": "haupt", "laenge_km": 0.5}, "geometry": {"type": "LineString", "coordinates": [[7.4453997, 47.0302853], [7.4482222, 47.0297579], [7.4518897, 47.0295424]]}}, {"type": "Feature", "properties": {"name": "Worble", "typ": "haupt", "laenge_km": 15.64}, "geometry": {"type": "MultiLineString", "coordinates": [[[7.4646146, 46.9765345], [7.4644714, 46.9762899]], [[7.4647344, 46.9775059], [7.4648368, 46.9773988], [7.4648449, 46.9772687], [7.464765, 46.9768347], [7.4646146, 46.9765345]], [[7.4647344, 46.9775059], [7.4644183, 46.9766411], [7.4646146, 46.9765345]], [[7.4652573, 46.9778566], [7.4649006, 46.9776804], [7.4647344, 46.9775059]], [[7.4670039, 46.978494], [7.4658301, 46.9780869], [7.4652573, 46.9778566]], [[7.4670039, 46.978494], [7.4658307, 46.97859], [7.4649383, 46.9782974], [7.4652573, 46.9778566]], [[7.4813142, 46.9730475], [7.4803271, 46.9729139], [7.4795746, 46.9728941], [7.4789067, 46.9730033], [7.478433, 46.9731605], [7.4777311, 46.9735203], [7.4749394, 46.9750786], [7.4746235, 46.9752955], [7.4736015, 46.9762681], [7.4731558, 46.9765799], [7.4728519, 46.9767288], [7.4698608, 46.977956], [7.4695364, 46.978026], [7.4684228, 46.9781078], [7.4683142, 46.978136], [7.4679169, 46.978448], [7.4670039, 46.978494]], [[7.6005205, 46.9159712], [7.6003459, 46.9159479], [7.599868, 46.9160989], [7.5997769, 46.9161033], [7.599518, 46.916036], [7.5989773, 46.9159843], [7.5984927, 46.9158806], [7.5979595, 46.9158469], [7.5958566, 46.9159301], [7.5951063, 46.9159144], [7.5945408, 46.9158414], [7.5930464, 46.9162962], [7.5918032, 46.9162296], [7.5913104, 46.9163546], [7.590864, 46.916357], [7.5903157, 46.9163054], [7.5890992, 46.9158991], [7.5887829, 46.9156158], [7.5882536, 46.9154536], [7.5871808, 46.9152608], [7.5853715, 46.915139], [7.5852826, 46.9151697], [7.5851773, 46.9152976], [7.5850123, 46.9154084], [7.5847874, 46.9157176], [7.5846735, 46.9160093], [7.5845746, 46.9160914], [7.5840354, 46.9163344], [7.5834961, 46.9164971], [7.5830336, 46.9166758], [7.5827542, 46.916734], [7.5826233, 46.9169617], [7.58237, 46.9172097], [7.581702, 46.917525], [7.5813357, 46.9176056], [7.5809974, 46.917735], [7.5808712, 46.9178354], [7.5807593, 46.9179729], [7.5807229, 46.9181111], [7.5808211, 46.918334], [7.5803871, 46.9187022], [7.5802975, 46.9188362], [7.5801227, 46.9189908], [7.5800152, 46.9198509], [7.5798635, 46.9200721], [7.579478, 46.9209094], [7.5794133, 46.920961], [7.5789234, 46.920912], [7.5787595, 46.9209291], [7.5786725, 46.9212602], [7.5786506, 46.9215816], [7.5784487, 46.9220529], [7.5778761, 46.9226622], [7.5776175, 46.9228446], [7.5775256, 46.9229572], [7.577474, 46.9231055], [7.5771982, 46.9232741], [7.577144, 46.9234103], [7.5768959, 46.9236888], [7.5765877, 46.9239406], [7.5762759, 46.9243522], [7.5761421, 46.9244517], [7.5760493, 46.9244788], [7.5760056, 46.9246871], [7.5758458, 46.9248756], [7.5755408, 46.925107], [7.5754521, 46.9251418], [7.5748851, 46.9252213], [7.5742686, 46.925225], [7.5729597, 46.9250845], [7.5726633, 46.9250042], [7.5723181, 46.9249749], [7.5719988, 46.924854], [7.5714023, 46.9248558], [7.5708956, 46.9248188], [7.5707384, 46.9247379], [7.5704186, 46.9243924], [7.5702611, 46.9243449], [7.5700042, 46.9243584], [7.569616, 46.9244867], [7.5695145, 46.9244951], [7.5692572, 46.9244732], [7.5686307, 46.9243375], [7.5681816, 46.9243188], [7.5673815, 46.9245895], [7.5640807, 46.9244467], [7.5638852, 46.9244641], [7.563443, 46.9245999], [7.5630003, 46.9249268], [7.5617452, 46.9255177], [7.5615375, 46.9256575], [7.5601985, 46.9271097], [7.5594394, 46.9277725], [7.5593059, 46.9279695], [7.5588021, 46.9282966], [7.558224, 46.9286148], [7.557985, 46.9286743], [7.5579341, 46.9287438], [7.5575964, 46.9288951], [7.5574618, 46.9290806], [7.5574532, 46.9293168], [7.557411, 46.9293502], [7.5568892, 46.9294332], [7.5562577, 46.9293992], [7.5560636, 46.9293455], [7.555525, 46.92934], [7.5554107, 46.9293953], [7.5552451, 46.9295958], [7.5550809, 46.9299115], [7.5547716, 46.9303498], [7.5546762, 46.9305599], [7.5545281, 46.930719], [7.5543135, 46.9311012], [7.5543873, 46.9312881], [7.5546694, 46.9314499], [7.5548425, 46.9317258], [7.5540699, 46.9325293], [7.5540481, 46.9326409], [7.5535739, 46.9333638], [7.5535454, 46.9334966], [7.5533347, 46.9338183], [7.5532663, 46.9340664], [7.5531388, 46.9342452], [7.5531195, 46.9343332], [7.5529847, 46.9344739], [7.5527329, 46.9348514], [7.5524503, 46.9355737], [7.5523102, 46.9357864], [7.5523127, 46.9358478], [7.5522073, 46.9359677], [7.5520841, 46.9362466], [7.5518556, 46.9365252], [7.5518181, 46.9366299], [7.5517166, 46.9367226], [7.5516193, 46.9369767], [7.5515885, 46.9374152], [7.551467, 46.9380635], [7.5512305, 46.9386526], [7.5512146, 46.938866], [7.551145, 46.9389856], [7.5509955, 46.9394983], [7.5508575, 46.9397993], [7.5508743, 46.9399962], [7.5507434, 46.9404081], [7.5506035, 46.9415664], [7.5507435, 46.9416887], [7.5511054, 46.9417176], [7.551222, 46.9417765], [7.5523146, 46.942724], [7.5524501, 46.9427764], [7.5526046, 46.9429602], [7.5526336, 46.9430684], [7.5523569, 46.9432862], [7.5513954, 46.9439028], [7.5513725, 46.9439523], [7.5512985, 46.9439713], [7.5502769, 46.9446665], [7.5500074, 46.9448107], [7.5499845, 46.9448631], [7.5497731, 46.9449852], [7.5496818, 46.9450905], [7.5493738, 46.9452562], [7.5492588, 46.945361], [7.5479346, 46.9462364], [7.5475507, 46.9464075], [7.5457543, 46.9470153], [7.544999, 46.9471439], [7.5447926, 46.9472036], [7.5431584, 46.9479306], [7.5412554, 46.9484809], [7.5379065, 46.9495287], [7.5374578, 46.9496933], [7.5353374, 46.9507896], [7.5349717, 46.9511183], [7.534486, 46.9514546], [7.533692, 46.9522392], [7.5329238, 46.9529031], [7.5318461, 46.953613], [7.5309331, 46.9539322], [7.5304872, 46.9540203], [7.5299644, 46.9541666], [7.527035, 46.9555317], [7.5267292, 46.9556046], [7.5263936, 46.9556146], [7.5237716, 46.9551443], [7.5228846, 46.9552611], [7.5198384, 46.9557791], [7.5193594, 46.9559577], [7.5186495, 46.9563802], [7.5177615, 46.956242], [7.5176084, 46.9561876], [7.5157435, 46.9562719], [7.5152898, 46.9564199], [7.5149442, 46.9566734], [7.5148691, 46.9567766], [7.5143798, 46.9578157], [7.5136729, 46.9588816], [7.5129181, 46.9601598], [7.5122348, 46.9606504], [7.5107572, 46.9619018], [7.5087944, 46.9631157], [7.5086944, 46.9631548], [7.5085539, 46.9631619], [7.5081464, 46.9631101], [7.5076639, 46.9633118], [7.5074969, 46.9633413], [7.507117, 46.9634947], [7.5067628, 46.9636722], [7.5065295, 46.9638854], [7.5047332, 46.9647843], [7.504092, 46.9650488], [7.5038639, 46.9651747], [7.5035022, 46.9654505], [7.503075, 46.9657138], [7.5026924, 46.9661707], [7.5016173, 46.9671859], [7.5013858, 46.9673239], [7.5012191, 46.9673582], [7.5006429, 46.9676103], [7.500407, 46.9676641], [7.5000626, 46.9678217], [7.4998396, 46.9678822], [7.4996643, 46.9679823], [7.4993184, 46.9681022], [7.499181, 46.9681064], [7.4986743, 46.9683844], [7.498368, 46.96848], [7.4979397, 46.9687918], [7.4975991, 46.969175], [7.4974482, 46.9692857], [7.4970793, 46.9696622], [7.4966703, 46.9699831], [7.4955102, 46.9702621], [7.4948079, 46.9703591], [7.4944345, 46.9705123], [7.4940394, 46.9705519], [7.4938243, 46.970658], [7.492, 46.9710783], [7.4873511, 46.9724073], [7.4869978, 46.9724865], [7.4855456, 46.9725], [7.4849284, 46.9726773], [7.4846979, 46.9727143], [7.4838504, 46.9727303], [7.483748, 46.9727537], [7.4835465, 46.9728733], [7.4834049, 46.9729088], [7.4828746, 46.972943], [7.4822803, 46.9732121], [7.4819804, 46.9732081], [7.4813142, 46.9730475]], [[7.4885212, 46.9716522], [7.4883853, 46.9717727], [7.4883547, 46.9720229], [7.4870199, 46.9723889], [7.4868706, 46.9724135], [7.4864499, 46.9724131], [7.4858355, 46.9723835], [7.4852784, 46.9724661], [7.4847604, 46.9725928], [7.4839152, 46.9724997], [7.4834043, 46.9727409], [7.4831183, 46.9727977], [7.4826949, 46.9728276], [7.4819436, 46.9727682], [7.4815921, 46.9728059], [7.4813789, 46.9729286], [7.4813142, 46.9730475]]]}}, {"type": "Feature", "properties": {"name": "Wyssbach", "typ": "neben", "laenge_km": 5.61}, "geometry": {"type": "LineString", "coordinates": [[7.4270523, 46.7381667], [7.4280721, 46.7383965], [7.4287092, 46.7385916], [7.4292745, 46.7386611], [7.4295445, 46.7387546], [7.4306106, 46.7393379], [7.4307267, 46.7394604], [7.4308623, 46.7394833], [7.4314051, 46.7397373], [7.4318076, 46.7399957], [7.4323419, 46.7401317], [7.4326376, 46.7402617], [7.4329988, 46.74027], [7.4332412, 46.74038], [7.433406, 46.7404167], [7.4336945, 46.7403634], [7.4339684, 46.7402001], [7.4341841, 46.7402084], [7.4344799, 46.7403601], [7.4346132, 46.7404867], [7.4349671, 46.7405551], [7.4351149, 46.7406817], [7.4353334, 46.7407886], [7.4354527, 46.740947], [7.4356726, 46.7411171], [7.4361157, 46.7411874], [7.4362074, 46.7413837], [7.4363707, 46.7415077], [7.4364399, 46.7416249], [7.4368234, 46.7418144], [7.4369688, 46.7420476], [7.4372402, 46.7422199], [7.4374271, 46.7423884], [7.4377636, 46.7428673], [7.4377789, 46.7431634], [7.437846, 46.7433934], [7.438079, 46.7436368], [7.4382274, 46.7437022], [7.4383709, 46.7438502], [7.4384115, 46.7440004], [7.438388, 46.7440905], [7.4383275, 46.7442021], [7.4381928, 46.7443127], [7.4382181, 46.7443706], [7.4383885, 46.7444875], [7.4384934, 46.7447477], [7.4384664, 46.7449291], [7.4384934, 46.7450833], [7.4388923, 46.7455588], [7.4389858, 46.7457544], [7.4389941, 46.7458273], [7.4388923, 46.7460372], [7.4389733, 46.7461329], [7.4388416, 46.7465876], [7.4388579, 46.7466718], [7.4389749, 46.7467971], [7.4390593, 46.7470327], [7.439013, 46.7472029], [7.4387246, 46.7474815], [7.4386729, 46.7478312], [7.4387219, 46.7479416], [7.4390375, 46.7482595], [7.4391164, 46.7483904], [7.4392579, 46.7488168], [7.439383, 46.7489496], [7.4396442, 46.7491197], [7.4397095, 46.7493441], [7.4396632, 46.7494339], [7.4395544, 46.7495181], [7.4393721, 46.7496153], [7.439198, 46.7496452], [7.43913, 46.74972], [7.4391517, 46.7498902], [7.4393313, 46.7500884], [7.4393177, 46.7501389], [7.4389205, 46.7503184], [7.4388851, 46.7504755], [7.4391082, 46.7507411], [7.4390914, 46.7509253], [7.4391855, 46.7510328], [7.4393117, 46.7510832], [7.4394604, 46.751085], [7.439566, 46.7512175], [7.4395573, 46.7513059], [7.4392381, 46.751655], [7.4391186, 46.7520832], [7.4389918, 46.7523427], [7.4389036, 46.7524323], [7.4388563, 46.7526527], [7.4386197, 46.7527297], [7.438187, 46.7527805], [7.4380281, 46.7528253], [7.4377211, 46.7530252], [7.4372417, 46.7532102], [7.4370353, 46.7534819], [7.4367431, 46.7536896], [7.4366861, 46.753767], [7.4367054, 46.7540906], [7.4369429, 46.7544032], [7.4369504, 46.7545111], [7.4368517, 46.7546882], [7.4367149, 46.7547442], [7.4364952, 46.7547553], [7.4363736, 46.7548622], [7.4363713, 46.7552785], [7.4366566, 46.7554964], [7.4366718, 46.7555615], [7.4366255, 46.7556654], [7.4364318, 46.7557641], [7.4360983, 46.7558231], [7.4358615, 46.7559188], [7.4356971, 46.7559534], [7.4352531, 46.7559503], [7.4350118, 46.7560195], [7.4345745, 46.7565254], [7.4345128, 46.7566944], [7.434256, 46.7567961], [7.43419, 46.7575525], [7.4341282, 46.7577316], [7.4340004, 46.757867], [7.4339692, 46.7580706], [7.4341026, 46.7582294], [7.4344341, 46.7583902], [7.4345506, 46.7585266], [7.4345427, 46.7586182], [7.4342858, 46.7587882], [7.4341383, 46.7591697], [7.4341103, 46.7593863], [7.4338103, 46.7597204], [7.4337389, 46.7598961], [7.4338457, 46.7601481], [7.4338579, 46.7604574], [7.4336106, 46.7606503], [7.4335868, 46.7607096], [7.4336415, 46.7609035], [7.4335197, 46.7610264], [7.4334959, 46.7610996], [7.4335155, 46.7611923], [7.4336424, 46.7613452], [7.4336601, 46.7614045], [7.4336148, 46.7615252], [7.4336562, 46.7616074], [7.4338846, 46.7617923], [7.4338036, 46.7621112], [7.4336437, 46.7621753], [7.4333504, 46.7621725], [7.4332246, 46.7622352], [7.4328733, 46.7622324], [7.4327564, 46.7622573], [7.4325037, 46.7623979], [7.4323593, 46.7625836], [7.4322707, 46.7625916], [7.4321328, 46.7625378], [7.4318896, 46.762551], [7.4318376, 46.7625882], [7.4318235, 46.7627076], [7.4315977, 46.7627732], [7.4314891, 46.7628613], [7.4313503, 46.7628468], [7.4311538, 46.7628702], [7.4309364, 46.7628222], [7.4308411, 46.7628551], [7.4306373, 46.7629906], [7.4305235, 46.7631588], [7.4303193, 46.7632368], [7.4301891, 46.7633278], [7.4295283, 46.763647], [7.4293362, 46.7638458], [7.4291582, 46.7639136], [7.4288875, 46.7639021], [7.428726, 46.7639957], [7.4287119, 46.7640941], [7.4287989, 46.7642755], [7.4287895, 46.7643285], [7.428472, 46.7644051], [7.4284092, 46.764451], [7.4283958, 46.7645228], [7.4285089, 46.7647239], [7.4283879, 46.7649495], [7.428596, 46.7652493], [7.428591, 46.7653742], [7.4284818, 46.7654767], [7.4284167, 46.7656393], [7.4281325, 46.765821], [7.4279396, 46.7658805], [7.4275434, 46.7658135], [7.4274298, 46.7658225], [7.4273491, 46.7658657], [7.427311, 46.7659331], [7.4273568, 46.766066], [7.4273437, 46.7662178], [7.4272948, 46.7663284], [7.4271352, 46.7665055], [7.4268764, 46.7665353], [7.4266209, 46.7666999], [7.4265952, 46.7667799], [7.4267235, 46.7669927], [7.4267114, 46.7670672], [7.4265985, 46.7672542], [7.4265206, 46.7673162], [7.4263428, 46.7673792], [7.4262882, 46.7674368], [7.4263522, 46.7676774], [7.4261112, 46.7677145], [7.4258572, 46.7679024], [7.4258091, 46.7680241], [7.4258073, 46.768198], [7.4255235, 46.7683646], [7.4254165, 46.7684571], [7.425345, 46.7685952], [7.4251764, 46.7686791], [7.4249801, 46.7688685], [7.4250027, 46.7689782], [7.4249669, 46.7690826], [7.4247967, 46.7691534], [7.4246897, 46.7691612], [7.424573, 46.7692374], [7.4246554, 46.7693699], [7.4246229, 46.7695014], [7.424566, 46.7695852], [7.4243586, 46.7696452], [7.4242919, 46.7697181], [7.4242587, 46.7700047], [7.4242768, 46.770079], [7.4245034, 46.7702768], [7.4246816, 46.770563], [7.4246821, 46.7707256], [7.4246173, 46.7707969], [7.4243932, 46.770877], [7.4243545, 46.7709827], [7.4247249, 46.7713625], [7.4247097, 46.7715488], [7.4245749, 46.7717125], [7.4246314, 46.7719309], [7.4245227, 46.77212], [7.4245409, 46.7722191], [7.4247029, 46.7724092], [7.4248217, 46.7727923], [7.424725, 46.7730269], [7.4243534, 46.7731762], [7.42427, 46.7732393], [7.4241097, 46.7735009], [7.4238934, 46.7736727], [7.4238505, 46.7739341], [7.4239379, 46.7741758], [7.423919, 46.7742665]]}}, {"type": "Feature", "properties": {"name": "Zäzibach", "typ": "neben", "laenge_km": 5.36}, "geometry": {"type": "LineString", "coordinates": [[7.6924458, 46.9327743], [7.6921537, 46.9324491], [7.6920459, 46.9323829], [7.6912782, 46.9321518], [7.6906948, 46.9318207], [7.6901799, 46.9317753], [7.6895301, 46.93181], [7.6891538, 46.9317704], [7.6884445, 46.9316462], [7.6880033, 46.9314859], [7.6876458, 46.9311707], [7.6874751, 46.9306915], [7.6873291, 46.9305062], [7.6870252, 46.9303283], [7.6866488, 46.9302025], [7.6861332, 46.9299598], [7.6857405, 46.9296856], [7.6849631, 46.9289755], [7.684585, 46.9285474], [7.684231, 46.9282214], [7.6836372, 46.9274619], [7.6835875, 46.9272321], [7.6835833, 46.9269246], [7.683705, 46.9267106], [7.6837387, 46.9265663], [7.6832293, 46.9261647], [7.6830584, 46.9259416], [7.6825835, 46.9255463], [7.6821618, 46.9248724], [7.6821828, 46.9247719], [7.6821314, 46.9246344], [7.6819829, 46.9245077], [7.681757, 46.9241181], [7.6815466, 46.9238565], [7.6814693, 46.9236089], [7.6813731, 46.9234853], [7.6812115, 46.9231119], [7.6808482, 46.922716], [7.6807999, 46.9226224], [7.6808008, 46.9224791], [7.6808895, 46.922269], [7.6808455, 46.9218464], [7.6809245, 46.9213767], [7.6808456, 46.9211471], [7.6807712, 46.9210477], [7.6807105, 46.9209814], [7.680297, 46.9207938], [7.6801765, 46.9206413], [7.6801091, 46.9204808], [7.6798972, 46.9204085], [7.6790682, 46.9199561], [7.6785308, 46.9194117], [7.6781883, 46.9190068], [7.6777952, 46.918738], [7.677236, 46.9184498], [7.6764456, 46.9176469], [7.675877, 46.9171918], [7.6756132, 46.916921], [7.67549, 46.916852], [7.6739632, 46.9163762], [7.6736756, 46.916236], [7.6731717, 46.9161225], [7.673056, 46.9160372], [7.6728565, 46.9160219], [7.6725028, 46.9158966], [7.671376, 46.9156573], [7.6709948, 46.9156447], [7.6708013, 46.9156081], [7.6706619, 46.9155426], [7.6705143, 46.9153829], [7.6701151, 46.9152884], [7.6693894, 46.9150323], [7.669176, 46.9149976], [7.6686958, 46.9148507], [7.6680903, 46.9146322], [7.667504, 46.914336], [7.6669883, 46.9141692], [7.6668255, 46.9140583], [7.6663266, 46.9135375], [7.6659445, 46.9132196], [7.665076, 46.9126862], [7.6648432, 46.9125921], [7.6646129, 46.9124057], [7.6645138, 46.9122478], [7.6644108, 46.9118946], [7.6643428, 46.9116299], [7.6643456, 46.9113866], [7.6640585, 46.9110961], [7.6637546, 46.9109195], [7.663383, 46.9105839], [7.6631174, 46.910519], [7.6627176, 46.910293], [7.6622975, 46.9101495], [7.6618891, 46.9098106], [7.661298, 46.909565], [7.6611582, 46.909331], [7.6611798, 46.9091188], [7.6610353, 46.9090053], [7.6608964, 46.9087773], [7.6607679, 46.9083219], [7.6607488, 46.9081466], [7.6608982, 46.9077284], [7.6608848, 46.9075281], [7.6605539, 46.9071855], [7.6604163, 46.9068627], [7.6602591, 46.9066392], [7.6602359, 46.9064828], [7.6600229, 46.9062107], [7.6598295, 46.9058257], [7.6597544, 46.9055614], [7.6597221, 46.9050706], [7.6595394, 46.9045359], [7.6593017, 46.9041847], [7.6592918, 46.9038337], [7.659336, 46.9035641], [7.6592844, 46.9033157], [7.6595831, 46.9025664], [7.659538, 46.9024916], [7.6592026, 46.9022618], [7.6591139, 46.902138], [7.6593247, 46.9013786], [7.6594823, 46.9010126], [7.6601425, 46.9002071], [7.6603519, 46.8998227], [7.6610755, 46.8991922], [7.6613558, 46.8990552], [7.6614336, 46.8988713], [7.6615805, 46.8983115], [7.6618502, 46.8975483], [7.6617641, 46.8971617], [7.6614788, 46.8967828], [7.6612743, 46.8966234]]}}, {"type": "Feature", "properties": {"name": "Änggisteibach", "typ": "neben", "laenge_km": 5.97}, "geometry": {"type": "LineString", "coordinates": [[7.609328, 46.9348127], [7.6069838, 46.9354834], [7.606595, 46.9354933], [7.6004858, 46.9338498], [7.5998297, 46.9335411], [7.597924, 46.932414], [7.5974811, 46.9319392], [7.5973612, 46.9318514], [7.5967397, 46.9317236], [7.5961201, 46.9314286], [7.5958042, 46.9313412], [7.5957, 46.9312924], [7.595465, 46.9310882], [7.5954131, 46.9309623], [7.5953172, 46.9308811], [7.5947422, 46.9306346], [7.5943233, 46.930269], [7.5941911, 46.930096], [7.5941398, 46.9299569], [7.5941509, 46.9298348], [7.593929, 46.9295131], [7.5938845, 46.9292633], [7.5937603, 46.929192], [7.5935142, 46.9291631], [7.5933083, 46.9289613], [7.5930279, 46.928767], [7.5930115, 46.9287093], [7.5930778, 46.928596], [7.593087, 46.9284782], [7.5930377, 46.9283676], [7.5927363, 46.9282888], [7.5924027, 46.9282756], [7.5922965, 46.9283015], [7.5921014, 46.9284658], [7.591997, 46.9285103], [7.591825, 46.9285213], [7.5916772, 46.9285858], [7.5912141, 46.92848], [7.591105, 46.9286158], [7.5910322, 46.9286445], [7.590643, 46.92851], [7.5903569, 46.9283134], [7.5899385, 46.9281668], [7.5883974, 46.9279061], [7.5878146, 46.9277665], [7.587363, 46.9277225], [7.5857968, 46.927766], [7.5845691, 46.9278576], [7.5830724, 46.9281668], [7.5820789, 46.9283148], [7.5819014, 46.9282347], [7.5816165, 46.9279447], [7.5810592, 46.9279338], [7.580326, 46.9282239], [7.5798776, 46.9283166], [7.5786342, 46.9283597], [7.5781861, 46.9283127], [7.5775013, 46.9283415], [7.5767684, 46.9283997], [7.5758695, 46.9285167], [7.575343, 46.9286362], [7.5750208, 46.9287483], [7.5747513, 46.9289748], [7.5743794, 46.9293828], [7.5729625, 46.9301566], [7.5721074, 46.9303267], [7.571136, 46.9304212], [7.5699362, 46.9305931], [7.5698538, 46.9306291], [7.5688316, 46.9304825], [7.5685919, 46.9304928], [7.5679103, 46.9306274], [7.5676305, 46.9305751], [7.5674173, 46.9306088], [7.5671189, 46.9305719], [7.5668849, 46.9305985], [7.5667152, 46.9306504], [7.5664709, 46.9308279], [7.5662084, 46.9309419], [7.565965, 46.9311748], [7.5656875, 46.9310907], [7.5654953, 46.9308151], [7.5650156, 46.9306923], [7.5643922, 46.9306864], [7.5635122, 46.9307504], [7.5630173, 46.9307256], [7.561812, 46.9307495], [7.5609997, 46.930456], [7.5603982, 46.9303625], [7.5600666, 46.9304027], [7.5593931, 46.9315272], [7.559303, 46.9317677], [7.5593059, 46.9333162], [7.5592469, 46.9333585], [7.5592163, 46.9338096], [7.5593952, 46.9346641], [7.5593864, 46.9348089], [7.5593288, 46.9351631], [7.5590954, 46.9357054], [7.5590131, 46.9360622], [7.5590076, 46.9366461], [7.5588723, 46.9373795], [7.5572314, 46.939307], [7.5571566, 46.9393535], [7.5559323, 46.9409108], [7.5554246, 46.9412824], [7.5553323, 46.9413155], [7.5546933, 46.941741], [7.5546173, 46.9418374], [7.5543929, 46.9419478], [7.5536381, 46.9424312], [7.5533996, 46.9426303], [7.5529796, 46.942877], [7.5528763, 46.9429729], [7.5526336, 46.9430684]]}}, {"type": "Feature", "properties": {"name": "Üsseri Giesse", "typ": "haupt", "laenge_km": 2.92}, "geometry": {"type": "LineString", "coordinates": [[7.5540022, 46.858684], [7.5539321, 46.858718], [7.5539361, 46.8589941], [7.553642, 46.8593538], [7.5535938, 46.8595347], [7.5533275, 46.8599372], [7.5532861, 46.8600562], [7.5529573, 46.8604683], [7.5528052, 46.8607445], [7.552397, 46.8613138], [7.5520371, 46.8617568], [7.5518127, 46.8621942], [7.5521793, 46.8624429], [7.552344, 46.8625181], [7.5524591, 46.8628107], [7.5524873, 46.8630082], [7.552616, 46.863158], [7.5528731, 46.8632935], [7.5529806, 46.8632791], [7.5531646, 46.8633217], [7.5534457, 46.8633381], [7.5537793, 46.8635829], [7.5539778, 46.8638282], [7.5540014, 46.8639033], [7.5539609, 46.8641087], [7.5538536, 46.8642564], [7.5535868, 46.8644393], [7.5533708, 46.8646718], [7.5528938, 46.8648913], [7.5525774, 46.8649411], [7.5524304, 46.8649964], [7.552142, 46.8651357], [7.5520311, 46.8652348], [7.5517847, 46.8655645], [7.551774, 46.8657416], [7.551844, 46.8660366], [7.5515866, 46.8664062], [7.551243, 46.8666922], [7.5508823, 46.866803], [7.550464, 46.8672127], [7.5503485, 46.8677517], [7.5503406, 46.8679611], [7.5501803, 46.8683345], [7.5478523, 46.8703321], [7.5476612, 46.8705284], [7.54752, 46.8707418], [7.5470945, 46.8722271], [7.5472365, 46.8738111], [7.5468317, 46.8754604], [7.5468964, 46.8758964], [7.5452932, 46.8781636], [7.5452828, 46.8784968], [7.5453359, 46.8786967], [7.5458319, 46.8795968], [7.5459213, 46.8798328], [7.5460698, 46.8805048], [7.5460404, 46.8810951], [7.5461605, 46.881472], [7.5461248, 46.8816586]]}}, {"type": "Feature", "properties": {"name": "Üsseri Giesse", "typ": "haupt", "laenge_km": 1.15}, "geometry": {"type": "LineString", "coordinates": [[7.5589955, 46.8475001], [7.5588766, 46.8482618], [7.5584338, 46.8502232], [7.5578831, 46.8519662], [7.5575486, 46.8528504], [7.5572777, 46.8533928], [7.5569716, 46.8538385], [7.5569551, 46.8542339], [7.5568726, 46.8544493], [7.5566616, 46.854667], [7.5562867, 46.8549096], [7.5557409, 46.8554902], [7.5555922, 46.8557053], [7.5554539, 46.8561711], [7.5555615, 46.8564917], [7.555299, 46.8569559], [7.5551427, 46.8571232], [7.555132, 46.8572443]]}}]}
